Data,Mes,Precipitacao,Insolacao,UmidadeAr,ProbabilidadePrecipitacao,UmidadeSolo1,UmidadeSolo2,UmidadeSolo3,UmidadeSolo4,Temperatura1,Temperatura2,Temperatura3,Temperatura4,QuantidadeAgua
2015-01-01,1,0,9.3,84,0.8,0,0,0,0,31.3,27.1,20.7,25,5
2015-01-02,1,6.9,6.7,85,0.9,11.8,10.7,10,6.9,34,29.2,22.2,26.9,0
2015-01-03,1,1.3,8.9,76,0.7,3.9,3.4,3.1,2,32.7,28.3,21.9,26.2,0
2015-01-04,1,0,0.2,83,0.8,0.9,0.8,0.7,0.6,29.2,27.4,24.8,26.5,0
2015-01-05,1,0.2,5.7,81,0.9,1,0.9,0.8,0.7,30.6,26.4,20,24.3,0
2015-01-06,1,29.4,3.8,82,0.2,42.7,38,34.8,22.6,29.5,25.8,20.3,24,0
2015-01-07,1,0,10.7,84,0.9,10.3,9.1,8.3,7.5,35.6,30.5,23,28,0
2015-01-08,1,25.2,11.7,76,0.4,13.2,9.1,6.4,3.6,31.7,26.5,18.5,23.8,0
2015-01-09,1,0,11.5,63,0.2,8.3,7.5,6.9,6,34.6,29.8,22.6,27.4,0
2015-01-10,1,0,9.5,79,0.8,5.1,4.7,4.5,4.2,33.5,28.9,21.9,26.5,0
2015-01-11,1,17.2,9.8,72,0.5,22.5,19.4,17.4,10.8,36.4,31.3,23.7,28.8,0
2015-01-12,1,0,7.7,75,0.6,4.2,3.6,3.2,2.6,35.8,31.6,25.3,29.5,0
2015-01-13,1,0,10.7,65,0.3,2,1.7,1.5,1.3,33.1,28,20.4,25.5,0
2015-01-14,1,0,6.4,71,0.6,3.2,3.1,3.1,2.6,33.1,28.9,22.7,26.8,0
2015-01-15,1,0,7.8,74,1,2.1,2,2,1.9,35.5,31,24.2,28.8,8.6
2015-01-16,1,0.4,11.5,72,0.3,3.2,3.2,3.2,2.3,35,29.7,21.7,27.1,14.8
2015-01-17,1,0,11,65,0.3,1.5,1.5,1.5,1.5,34.9,29.5,21.4,26.8,13
2015-01-18,1,0,8.1,65,0.1,2.9,2.9,2.9,2.6,35.7,30.6,23,28.1,18.7
2015-01-19,1,0,10.2,78,1,2.3,2.3,2.3,2.2,35.4,30.1,22.2,27.5,13.4
2015-01-20,1,10.6,10.3,54,0.8,17.1,15.6,14.5,11.6,37.6,32,23.6,29.2,13.2
2015-01-21,1,1.6,5.1,81,1,8.6,8,7.5,7,32.3,27,19,24.3,10.4
2015-01-22,1,5.7,6.3,75,0.9,8.5,7.6,6.9,6.3,27.1,24.2,19.9,22.8,9
2015-01-23,1,5.6,6,86,0.7,7.1,5.3,4,3.5,26.2,22.7,17.3,20.9,0
2015-01-24,1,1.9,8.9,77,0.1,3.1,2.2,1.7,1.1,30.5,25.6,18.2,23.2,0
2015-01-25,1,0,9.4,70,0.8,0.6,0.4,0.3,0.3,30.8,26.2,19.2,23.9,0
2015-01-26,1,19,8.2,81,0.9,9.1,6.2,4.3,2.4,29.7,25.3,18.9,23.2,0
2015-01-27,1,9,7.9,85,0.8,6.1,3.7,2,1.8,31.1,26.8,20.5,24.7,6.4
2015-01-28,1,1.3,3.3,86,0.7,1.5,0.5,0.1,0.1,31.4,28.4,23.7,26.8,7.3
2015-01-29,1,4.5,3.5,92,0.9,2.5,1,0.1,0.1,26.8,23.8,19.2,22.3,8.5
2015-01-30,1,3.8,2.7,79,0.4,8.7,7.4,6.5,4.7,29.6,26.9,22.8,25.6,9.2
2015-01-31,1,0,8.7,76,0.5,2.9,2.6,2.4,1.7,26.6,23.5,18.9,22,8.5
2015-02-01,2,0,7.3,74,0.3,1,0.9,0.8,0.5,30.7,27,21.5,25.2,8.3
2015-02-02,2,0,6.4,80,0.8,0.3,0.2,0.2,0.2,28.7,25.7,21.3,24.2,8.6
2015-02-03,2,2.6,9,74,0.7,2.4,1.6,1.2,0.7,33.2,28.1,20.3,25.5,8.9
2015-02-04,2,1.6,0,92,0.8,2.8,2.5,2.3,2,24.6,22.1,18.4,20.9,8.7
2015-02-05,2,23.5,0.3,98,0.6,31.4,24.7,20.3,13.3,21.8,19.9,16.9,18.9,8.2
2015-02-09,2,0,6.3,80,0.8,6.3,4.4,3.2,2,32,26.3,17.7,23.5,6.6
2015-02-10,2,0.6,5.8,91,0.9,8.4,8.2,8,7.8,30.3,27,22.2,25.4,6.5
2015-02-11,2,13.8,6.2,87,0.5,24.5,20.9,18.5,11.4,30.5,26.7,20.9,24.7,5.3
2015-02-12,2,0,10.2,79,0.1,4.3,3.6,3.2,2,34.9,30.4,23.8,28.2,0
2015-02-13,2,0,4.6,83,1,0.9,0.7,0.5,0.4,31.7,28.1,22.8,26.3,0
2015-02-14,2,6.2,7,77,0.6,4.5,2.9,1.9,1.4,33.8,29.2,22.3,26.9,0
2015-02-15,2,0,2.3,84,1,0.9,0.7,0.5,0.3,26,23.5,19.9,22.3,5.4
2015-02-16,2,2.8,1.8,86,0.7,2.7,1.5,0.7,0.1,27.2,24.1,19.4,22.6,5.7
2015-02-17,2,15.8,1.1,96,0,15.6,11.9,9.4,5.7,26.7,24.2,20.5,23,7
2015-03-11,3,0,3.9,98,0.9,2,1,0.3,0.1,27.4,23.8,18.5,22.1,8.1
2015-03-12,3,29,4.1,79,0.5,28.7,22.6,18.6,12.2,26,22.2,16.6,20.4,8.5
2015-03-13,3,0,1.5,89,0.2,5.8,4.6,3.7,2.9,28.8,25.6,20.8,24,6.3
2015-03-14,3,0,1.4,91,0.8,6.4,5.8,5.5,5.1,26.3,23.7,19.7,22.3,6
2015-03-15,3,11,4.3,85,0.3,13.4,9.6,7.1,6.5,31.8,27.7,21.7,25.7,5.2
2015-03-16,3,0,5.4,85,0.9,5.9,5.3,4.9,4.6,31.6,27.4,21.1,25.3,0
2015-03-17,3,10.8,4.3,82,0.7,13,10.9,9.4,7.9,29.7,25.9,20.1,23.9,0
2015-03-18,3,0,0.3,91,0.7,6.3,5.8,5.5,5.3,26.2,23.6,19.6,22.3,0
2015-03-19,3,1.3,0.6,84,0.3,5.1,4.1,3.5,2.8,27.9,25.1,21.1,23.8,0
2015-03-20,3,0,3.8,90,0.3,2.2,2,1.8,1.1,29.8,25.8,19.8,23.8,0
2015-03-24,3,0,9.5,74,0.2,0.3,0.2,0.2,0.2,29.9,25.5,18.8,23.3,5.1
2015-03-25,3,0,8.9,77,0.2,0.3,0.3,0.3,0.3,32.2,27.3,19.8,24.8,6.2
2015-03-26,3,0,9.5,81,0.7,0.4,0.4,0.4,0.4,30,24.5,16.3,21.8,11.7
2015-03-27,3,0,7.4,60,0.7,0.4,0.4,0.4,0.3,29.9,24.9,17.3,22.3,12.9
2015-03-28,3,0,5.5,72,0.7,0.1,0.1,0.1,0.1,30.4,26.3,20,24.2,9.1
2015-03-29,3,3.8,2,80,0.9,5.7,5,4.6,2.8,27.1,23.9,19.1,22.3,9.6
2015-03-30,3,2.9,2.8,86,0.8,0.9,0,0.1,0.1,28.3,25.6,21.7,24.3,15.7
2015-03-31,3,7,9,86,0.2,7.3,5.1,3.7,3.6,29.6,25.7,19.9,23.8,9.5
2015-04-01,4,0,9,74,0.1,3.5,3.2,2.9,2.8,30.1,25.7,19.2,23.5,8.9
2015-04-02,4,0,9.8,74,0.4,2.7,2.6,2.5,2,27.5,23.8,18.3,22,8.5
2015-04-03,4,0,9.9,78,0.2,1.6,1.5,1.5,0.9,29.4,24.3,16.7,21.7,8.2
2015-04-04,4,0,8.5,77,0.5,0.3,0.3,0.3,0.2,28.4,24.2,18.1,22.2,11.7
2015-04-05,4,0,1.9,91,0.8,0.2,0.2,0.2,0.2,25.4,22.8,19,21.5,8.5
2015-04-06,4,5.1,8.7,75,0.1,6.4,4.9,3.8,2.5,29.5,26.6,22.3,25.2,13.1
2015-04-07,4,0,4.8,75,0.6,1.2,0.9,0.7,0.5,22.1,19.9,16.8,18.9,8.4
2015-04-08,4,0,6.4,77,0.4,0.3,0.2,0.1,0,26.8,22.3,15.4,20,8.8
2015-04-09,4,0,5.3,77,0.2,0.9,0.9,0.9,0.7,27.2,23.3,17.5,21.3,9.2
2015-04-10,4,0,7.7,77,0.1,0.5,0.5,0.5,0.4,28.3,24.4,18.5,22.4,13.4
2015-04-11,4,0,9.5,81,0.3,0.3,0.3,0.3,0.3,28.5,23.7,16.6,21.3,13.7
2015-04-12,4,0,9.3,79,0.4,0.3,0.3,0.3,0.3,27.8,22.7,15.1,20.2,13.9
2015-04-13,4,0,7.4,77,0.3,0.7,0.7,0.7,0.5,29.5,24.8,17.8,22.5,14.3
2015-04-14,4,0,8.6,76,0.2,0.4,0.4,0.4,0.3,28.7,23.7,16,21.1,14
2015-04-15,4,0,0,0,0.7,0.2,0.2,0.2,0.2,28,24.5,19.3,22.8,14.2
2015-04-24,4,0,7.5,77,0,0.5,0.5,0.5,0.5,29.6,25.2,18.7,23.1,24.5
2015-04-25,4,0,9.4,73,0.4,0.6,0.6,0.6,0.5,24.7,21.3,16.2,19.6,24
2015-04-26,4,0,7.9,78,0.1,0.5,0.5,0.5,0.3,27.4,23.3,17.1,21.3,23.8
2015-04-27,4,0,8,77,0.7,0.2,0.2,0.2,0.2,28,23.3,16.3,21,24
2015-04-28,4,0,8,71,0.1,0.4,0.4,0.4,0.3,28.2,23.5,16.3,21.1,24.6
2015-04-29,4,0,7.6,72,0.3,0.3,0.3,0.3,0.3,24.3,21.3,16.8,19.8,24.3
2015-04-30,4,0,6.3,76,0.2,0.5,0.5,0.5,0.4,22.2,20,16.7,18.9,24.4
2015-05-01,5,0,9.2,78,0.6,0.3,0.3,0.3,0.3,24.6,19.3,11.2,16.6,24.1
2015-05-02,5,0,8.9,80,0.6,0.3,0.3,0.3,0.3,26.7,20.7,11.8,17.7,14.4
2015-05-03,5,0,3.6,77,0.8,0.6,0.6,0.6,0.6,26.3,22.1,15.8,20,9.7
2015-05-04,5,21.8,0.3,95,1,5.3,1.7,0.1,0.1,22.5,20.8,18.3,20,9.6
2015-05-05,5,8,6.1,80,0.4,5.8,0.1,0.1,0.1,23.5,20.8,16.7,19.4,10.1
2015-05-06,5,0,3.1,86,0.7,6,5.2,4.7,4.4,22.8,20.1,16,18.7,11.4
2015-05-07,5,0,5.8,81,0,4.2,3.9,3.7,3.4,22.1,18.1,12.2,16.1,10.7
2015-05-08,5,0,7.2,73,0.6,3.2,3.1,3,2.1,20,17.5,13.8,16.3,10.2
2015-05-09,5,0,9.1,81,0.3,1.2,1.1,1.1,1,27.7,22.2,13.9,19.5,12
2015-05-10,5,0,0.3,92,1,0.9,0.8,0.8,0.8,22.6,20.6,17.6,19.6,9.8
2015-05-11,5,30.1,0,92,0.9,32.5,22,15,14.1,21.3,20,18.1,19.3,9.2
2015-05-12,5,0.3,7,82,0.5,13.2,9.5,7,4.6,22.4,19,13.9,17.3,5.6
2015-05-13,5,0,4.5,80,0.5,2.2,1.7,1.3,1,24.2,21.2,16.7,19.7,5.5
2015-05-14,5,0,7.2,77,0.2,4.1,3.8,3.7,3.5,22.3,19,14.1,17.4,5.9
2015-05-15,5,0,1.9,85,0.2,5.4,5.3,5.2,4.4,23.1,20,15.3,18.4,5.7
2015-05-16,5,0,7.7,87,0.6,3.6,3.5,3.4,2.3,26.1,22,15.9,20,5.1
2015-05-17,5,0,6.9,82,0.1,1.1,1.1,1.1,1,24.5,19.7,12.6,17.4,6.6
2015-05-18,5,0,2,84,0.5,1,1,1,0.9,23.5,20.9,17,19.6,10.9
2015-05-19,5,0,1.3,84,0.2,2.8,2.8,2.8,1.7,23.2,20.6,16.6,19.3,11.7
2015-05-20,5,0,5,80,0.3,0.7,0.6,0.6,0.6,27.4,23.9,18.7,22.2,10
2015-05-21,5,0,8.7,81,0.6,3.3,3.3,3.3,2.8,28.7,25,19.4,23.2,12.4
2015-05-22,5,0,8.4,82,0.5,2.3,2.3,2.3,2.2,26.9,22.5,15.8,20.3,10.1
2015-05-23,5,0,5.8,83,0.4,2.1,2.1,2.1,2.1,23.4,19.8,14.3,17.9,11.1
2015-05-24,5,0,6.7,82,0.4,3.4,3.4,3.4,3.1,27.2,22.6,15.7,20.3,11.1
2015-05-25,5,0,7.3,83,0.7,2.8,2.8,2.8,2.8,30.4,25.2,17.5,22.6,7.8
2015-05-26,5,0.6,2.7,85,0,4.7,4.7,4.7,3.6,29,25.3,19.8,23.5,9.8
2015-05-27,5,0,7.8,79,1,2.4,2.4,2.4,1.8,28.9,24.6,18.1,22.4,7.1
2015-05-28,5,2,0,95,0.7,1.3,0.6,0.1,0.1,21.2,19.5,17,18.6,7.3
2015-05-29,5,4.2,4.5,84,0,9.1,6.8,5.3,3.6,23.7,21.1,17.1,19.8,7.7
2015-05-30,5,0,4.7,85,0.8,2,1.6,1.4,1.2,19.7,15.4,8.9,13.3,7.4
2015-05-31,5,6.3,0,94,0.7,2.5,1.4,0.6,0.1,18.9,16.8,13.7,15.8,7.7
2015-06-01,6,1.2,0.5,86,0.1,3.7,2.5,1.7,1,22.5,20.8,18.1,19.9,8.2
2015-06-02,6,0,0,82,0.6,0.4,0,0.1,0.1,18.4,17,14.9,16.3,8.6
2015-06-03,6,0,7.1,82,0.5,1.1,0.9,0.8,0.7,27.5,23.3,17,21.2,9
2015-06-04,6,0,8.7,85,0.3,0.6,0.6,0.6,0.4,27.3,22,13.9,19.3,8.8
2015-06-05,6,0,8.6,84,0.1,0.2,0.2,0.2,0.1,25.5,20.8,13.6,18.4,13.9
2015-06-06,6,0,8.3,83,0.5,0.3,0.3,0.3,0.3,27.4,21.9,13.5,19.1,14.5
2015-06-07,6,0,5.9,83,0.3,0.2,0.2,0.2,0.2,28.1,23.1,15.5,20.6,14.3
2015-06-08,6,0,8.2,73.8,0.4,0.4,0.4,0.4,0.4,27.3,22,14.1,19.4,14.5
2015-06-09,6,0,8.2,70.8,0.1,0.4,0.4,0.4,0.4,28.9,23.3,14.8,20.4,14.2
2015-06-10,6,0,8.2,69,0.1,0.4,0.4,0.4,0.3,26.6,21.3,13.3,18.6,14.3
2015-06-11,6,0,8.4,66.3,0,0.2,0.2,0.2,0.2,29.1,23.5,15.2,20.8,14.4
2015-06-12,6,0,1.1,75.8,0.5,0.3,0.3,0.3,0.2,24.1,22.4,19.8,21.5,24.6
2015-06-13,6,0,8.3,71.3,0.3,0.1,0.1,0.1,0.1,26.8,21.8,14.2,19.2,24.6
2015-06-14,6,0,8.2,62,0.2,0.2,0.2,0.2,0.2,28.3,22.7,14.3,19.9,24.9
2015-06-15,6,0,0,92.5,0.8,0.4,0.4,0.4,0.4,22.7,19,13.6,17.2,16.6
2015-06-16,6,2.8,7.9,68,0.4,2.5,1.9,1.5,0.9,20.7,16.2,9.4,14,24.5
2015-06-17,6,0,0.4,82.5,0,0.2,0.1,0.1,0,24.4,20.3,14.2,18.3,16.4
2015-06-18,6,0,6.6,75,0.8,0.6,0.5,0.5,0.5,28.8,23.3,15.2,20.6,9.7
2015-06-19,6,2.2,3,72.3,0.6,3.2,2.8,2.6,1.9,21.4,19.1,15.6,17.9,9.6
2015-06-20,6,0,8.1,74,0.6,1.3,1.1,1,0.7,24.9,21.3,15.9,19.5,9.3
2015-06-21,6,0,8.1,84,0.5,0.5,0.4,0.4,0.3,27,21.5,13.1,18.7,9.2
2015-06-22,6,0,8,72,0.4,0.1,0.1,0.1,0.1,26.5,20.6,11.6,17.6,9.2
2015-06-23,6,0,7.2,74,0.4,0.2,0.2,0.2,0.2,28.4,23.6,16.3,21.1,14.3
2015-06-24,6,0,5.4,74,0.3,0.3,0.3,0.3,0.3,20.3,18.6,16,17.7,14.2
2015-06-25,6,0,7.4,77,0.1,0.2,0.2,0.2,0.2,22.8,20.2,16.3,18.9,14.1
2015-06-26,6,0,7.8,73,0.3,0.2,0.2,0.2,0.2,20.6,17.5,12.8,15.9,14.5
2015-06-27,6,0,7.7,75,0.2,0.2,0.2,0.2,0.2,25.3,20.3,12.8,17.8,14.6
2015-06-28,6,0,7.7,80,0.2,0.2,0.2,0.2,0.2,23.9,19.7,13.6,17.7,24.9
2015-06-29,6,0,8.1,82,0,0.3,0.3,0.3,0.2,24.5,18.7,9.8,15.7,14.6
2015-06-30,6,0,7.2,82,0.9,0.1,0.1,0.1,0.1,26,20.9,13.1,18.3,9.8
2015-07-01,7,4.7,0.4,93,0.6,2.3,1.6,1.2,0.8,21.5,19.8,17.3,19,14.7
2015-07-02,7,0,0,82,1,1.9,1.5,1.2,0.9,21.6,19.4,16.1,18.3,9.7
2015-07-03,7,27.2,0,95,0.8,41.2,32.7,26.9,25.7,20,18.6,16.5,17.9,9.6
2015-07-04,7,20.2,0,93,0.7,24.4,10.3,0.8,0.1,20.4,18,14.6,16.9,5.3
2015-07-05,7,4.4,0.2,77,0,6.1,2.1,0.1,0.1,17.1,15.3,12.5,14.4,6.3
2015-07-06,7,0,5.4,81,1,6.3,5.2,4.4,3.7,26.2,21.6,14.8,19.4,6.8
2015-07-07,7,18,0,97,1,18.1,15.1,13.1,11.1,18.7,17.2,15,16.5,6.2
2015-07-08,7,22.2,0,94,0.8,25.4,12.2,3.5,0.1,17.8,17,15.9,16.6,0
2015-07-09,7,2.8,6.4,92,0,8.9,0.1,0.1,0.1,20.5,17.6,13.2,16.1,5.1
2015-07-10,7,0,8.7,86,0.8,6,5.4,4.9,4,25.8,20.4,12.4,17.7,11.9
2015-07-11,7,8,0,95,0.7,3.1,1.8,1,0.1,19.7,17.8,15,16.9,10.1
2015-07-12,7,9.2,8.6,85,0.2,12.5,8,5,2,28.3,22.5,13.8,19.6,9.6
2015-07-13,7,0,8.1,82,0.3,6.5,6.2,5.9,3.7,29.1,23.5,15.1,20.7,9.8
2015-07-14,7,0,7.2,75,0.2,1.5,1.4,1.3,1.2,30.3,24.8,16.6,22.1,11
2015-07-15,7,0,4,84,0.6,2.2,2.2,2.1,2,28,23,15.7,20.6,10.3
2015-07-16,7,0,2.6,89,0.2,1.9,1.8,1.8,1,26.8,23.4,18.2,21.7,10.4
2015-07-17,7,0,4.3,87,0,0.2,0.2,0.2,0.2,23.2,19.5,14,17.6,11.4
2015-07-18,7,0,8.6,73,0,1.6,1.6,1.6,1.3,25.6,20.4,12.5,17.7,12.9
2015-07-19,7,0,8.6,66,0.1,1,1,0.9,0.9,28.6,23.7,16.5,21.3,11.7
2015-07-20,7,0,8.3,72,0.2,1.1,1.1,1.1,1,28.9,23.3,14.9,20.5,12.9
2015-07-21,7,0,0.8,79,0,1,1,1,1,20.4,17.9,14.3,16.7,12.8
2015-07-22,7,0,6.1,81,0.6,1.3,1.3,1.3,1.2,20.2,17.4,13.3,16,13.1
2015-07-23,7,0,6.6,77,0.1,1.2,1.2,1.2,0.9,25.9,21.7,15.4,19.6,12.8
2015-07-24,7,0,6.9,84,1,0.6,0.6,0.6,0.6,26.2,21.5,14.4,19.1,15.1
2015-07-25,7,7.4,1.3,93,0.5,12.6,11.4,10.6,7.7,18.1,16.5,14.2,15.7,13.4
2015-07-26,7,0,9,87,0.5,4.7,3.9,3.4,2.4,22.7,18.2,11.5,16,7.8
2015-07-27,7,0,9.1,81,0.7,1.4,1.3,1.2,1.2,24.3,18.8,10.6,16,7.5
2015-07-28,7,0,9.1,82,0.6,1.7,1.6,1.6,1.2,24.7,18.2,8.5,15,7.5
2015-07-29,7,0,9,74,0.5,0.9,0.8,0.8,0.5,29.2,22.4,12.2,19,11
2015-07-30,7,0,9.1,76,0.3,0.2,0.2,0.2,0.2,28,20.8,9.9,17.1,11.8
2015-07-31,7,0,8.9,77,0.1,0.2,0.1,0.1,0.1,27.8,21.2,11.3,17.9,12.4
2015-08-01,8,0,8,78,0.5,1.1,1.1,1.1,0.9,27.7,22.1,13.7,19.3,13.8
2015-08-02,8,0,9.1,76,0.5,0.7,0.7,0.7,0.7,29.4,23.5,14.5,20.5,13.3
2015-08-03,8,0,9.2,72,0.3,0.8,0.8,0.8,0.8,27.7,21,11,17.7,13.7
2015-08-04,8,0,8.9,73,0.2,0.8,0.8,0.8,0.8,31.4,25.5,16.7,22.5,13.7
2015-08-05,8,0,7.8,76,0.7,0.8,0.8,0.8,0.6,28.4,22.8,14.4,20,13.6
2015-08-06,8,0,8.7,68,0.5,0.5,0.5,0.5,0.5,27.1,22.1,14.6,19.6,13.6
2015-08-07,8,0,9.1,63,0.1,0.7,0.7,0.7,0.7,29.9,23.4,13.5,20.1,23.5
2015-08-08,8,0,8.9,61,0.3,0.9,0.9,0.9,0.8,32,25.9,16.6,22.8,23.2
2015-08-09,8,0,7.4,68,0.6,0.6,0.6,0.6,0.5,28.8,23.9,16.5,21.4,22.9
2015-08-10,8,0,9.2,71,0.7,0.4,0.4,0.4,0.3,29.3,24.2,16.6,21.7,23.4
2015-08-11,8,0,9,68,0.1,0.1,0.1,0.1,0.1,31.5,26,17.7,23.2,23.9
2015-08-12,8,0,9.3,70,0.4,0.4,0.4,0.4,0.4,29.5,23.7,15.2,20.9,24.4
2015-08-13,8,0,9.2,70,0.6,0.7,0.7,0.7,0.5,30.1,24.1,15.2,21.1,24
2015-08-14,8,0,9.2,63,0.6,0.2,0.2,0.2,0.2,28.3,23.2,15.6,20.6,23.6
2015-08-15,8,0,8.9,63,0.5,0.4,0.4,0.4,0.3,29.2,23.7,15.4,20.9,24.5
2015-08-16,8,0,7.5,59,0.3,0.2,0.2,0.2,0.2,29.1,23.5,15.2,20.7,24.4
2015-08-17,8,0,8.8,61,0.7,0.3,0.3,0.3,0.3,27.7,22.7,15.4,20.3,24.7
2015-08-18,8,0,1.1,65,0.3,0.3,0.3,0.3,0.3,27,22.8,16.5,20.7,24.4
2015-08-19,8,0,9.4,62,0.7,0.4,0.4,0.4,0.4,28.9,23.8,16.2,21.3,24.4
2015-08-20,8,0,5.9,72,0.2,0.5,0.5,0.5,0.4,21.9,18,12,16,24.4
2015-08-24,8,0,2,84,0.9,0.4,0.4,0.4,0.4,23.1,20.4,16.3,19,16.5
2015-08-25,8,4,0,0,0.8,8.1,7,6.2,5.5,25.8,22.1,16.4,20.2,16.4
2015-08-26,8,4.4,9.2,65,0.9,6.9,5.8,5.1,4.4,28.1,17,0.4,11.5,21.9
2015-08-27,8,10,0,91,0.7,14.4,13.6,13.2,7.8,22.1,19.5,15.5,18.2,20.1
2015-08-28,8,4.1,8.5,86,0.4,2.4,0.4,0.1,0.1,25.8,21.2,14.3,18.9,11.2
2015-08-29,8,0,9.7,86,0.6,1.1,0.8,0.7,0.5,29.7,22.6,12,19.1,11.8
2015-08-30,8,0,9.8,71,0.3,2.1,2,2,1.5,32.9,25.2,13.7,21.4,11.8
2015-08-31,8,0,9.8,66,0.1,1.1,1.1,1,0.7,31.9,24.7,13.8,21.1,11.5
2015-09-01,9,0,9.7,72,0.1,0.4,0.4,0.4,0.4,31.4,24.7,14.5,21.3,11.6
2015-09-02,9,0,9.8,76,0.4,0.9,0.8,0.8,0.7,21.2,18.4,14.3,17.1,12.8
2015-09-03,9,0,8.3,71,0.4,0.6,0.6,0.6,0.6,27.7,21.8,13.1,18.9,13.8
2015-09-04,9,0,0,83,1,0.9,0.9,0.9,0.9,20,18,14.9,17,15.7
2015-09-05,9,1.2,7.3,75,0.1,2.7,2.2,1.8,1.2,21.2,18.6,14.7,17.3,22.5
2015-09-06,9,0,2.7,86,0.9,0.6,0.5,0.5,0.4,26,22,15.9,20,15.6
2015-09-07,9,2,2,91,0.8,1.8,1.5,1.2,0.9,24.5,21.9,18.1,20.7,9.3
2015-09-08,9,31.6,0,95,1,32.9,24.4,18.8,13.1,18.6,17.5,15.8,16.9,9.2
2015-09-09,9,48.4,6.4,90,0.2,81.8,46.3,22.7,0.1,24.5,21.6,17.3,20.1,6.9
2015-09-10,9,0,4.1,89,1,30.5,27.5,25.5,23.6,25.3,21.5,15.6,19.5,6.1
2015-09-11,9,33,0.6,88,0.8,21.6,14.1,9,4,23.6,21.5,18.5,20.5,0
2015-09-12,9,21.7,0.6,83,0.8,39.9,28,20.1,12.9,20,17.8,14.5,16.7,0
2015-09-13,9,0.2,8.3,77,0.4,5.6,3.1,1.5,0.1,23.1,19.6,14.4,17.9,0
2015-09-14,9,0,9.8,76,0.6,9.3,8.7,8.3,4.6,25,20,12.6,17.5,0
2015-09-15,9,0,9.5,77,0.1,1,0.8,0.7,0.5,31.5,25.5,16.4,22.4,0
2015-09-21,9,0,10.2,52.8,0.2,2.6,2.5,2.4,2.4,34.6,27.4,16.6,23.8,5.7
2015-09-22,9,0,9.8,46,0.6,2.7,2.6,2.6,2.6,33.7,27.6,18.4,24.6,7.7
2015-09-23,9,0,10,45.8,0.3,5.1,5,5,4.5,34.6,28.2,18.5,25,13.7
2015-09-24,9,0,9.8,48.8,0.3,4,3.9,3.9,3,34.4,27.2,16.3,23.5,12.5
2015-09-25,9,0,4.1,75.3,0.9,2.1,2.1,2.1,2.1,31.7,27.7,21.7,25.7,17.1
2015-09-26,9,22.4,2.2,85,0.7,15,10.9,8.1,5.3,23.7,21.4,18.1,20.3,18.5
2015-09-27,9,0.5,7.6,68,0.7,11.9,10.1,9,6.5,30.6,25.7,18.3,23.3,16.3
2015-09-28,9,9.8,1.5,83.8,0.1,4.1,2.1,0.7,0.1,25.2,22.6,18.6,21.3,9.7
2015-09-29,9,0,2.4,75.3,0.8,2.7,1.9,1.4,0.8,28,24.9,20.2,23.3,10.5
2015-09-30,9,0.3,5.8,80.3,0.7,2.2,1.9,1.7,1.5,27.1,23.4,17.8,21.5,11.6
2015-10-01,10,4.7,6.8,74.5,0.3,4.9,3.7,2.9,2,30.5,26.3,19.9,24.1,7.1
2015-10-02,10,0,9,61.8,1,2.9,2.6,2.5,2.3,35,29.5,21.1,26.7,7.1
2015-10-03,10,4.4,1.2,80.8,0.7,6.2,5.5,5,4.3,27.2,24.3,19.8,22.8,13
2015-10-04,10,0.6,2.1,77.3,0.5,3.6,3.2,3,1.8,27.3,24.6,20.5,23.2,8.1
2015-10-05,10,0,10.7,68.5,0.7,0.6,0.4,0.3,0.2,25.3,21.6,16,19.8,13.1
2015-10-06,10,0,10.5,70.5,0.5,0.4,0.3,0.3,0.3,28.2,23.6,16.7,21.3,13.3
2015-10-07,10,0,10.6,61,0.4,1,1,1,0.8,33.3,26.8,17,23.5,20.6
2015-10-08,10,0,10.4,55,0.5,0.6,0.6,0.6,0.5,35.5,30,21.7,27.2,21
2015-10-09,10,0,3.2,70.3,0.8,0.5,0.5,0.5,0.5,30.9,27.7,22.7,26,14.6
2015-10-10,10,25,1.9,83.5,0.9,34.9,29.7,26.2,19.4,26.7,23.6,18.9,22.1,15.7
2015-10-11,10,0.8,2,72.5,0.6,12.7,11.3,10.5,8.3,29.1,25.8,20.8,24.2,10.3
2015-10-12,10,0,5.1,65.8,0.8,6.2,5.7,5.4,5.1,27.6,23.7,17.9,21.7,0
2015-10-13,10,12.8,5.6,74.3,0.4,15.5,12.6,10.8,6.8,30.3,25.2,17.4,22.6,0
2015-10-14,10,0,8.8,64.5,0.1,2.8,2.3,2,1.7,35.2,29.3,20.3,26.3,0
2015-10-15,10,0,10.4,57,0.1,5.2,5.1,5,2.9,35.1,29.1,19.9,26,0
2015-10-16,10,0,6.8,58.3,0.2,0.9,0.8,0.8,0.7,35.8,29.8,20.8,26.8,0
2015-10-17,10,0,10.5,68.3,0.2,1.4,1.4,1.3,1.3,34.7,28.8,19.9,25.8,16.3
2015-10-18,10,0,7.3,73.3,0.6,1.8,1.7,1.7,1.3,23.5,21,17.4,19.8,17.5
2015-10-19,10,0,10.2,71,0.4,0.9,0.9,0.9,0.9,29.8,24.1,15.5,21.2,18.1
2015-10-20,10,0,10.3,58.8,0.4,1.6,1.6,1.6,1.6,35.4,28.1,17.1,24.4,21.3
2015-10-21,10,0,5.2,68.3,0.8,1.8,1.7,1.7,1.7,33,29.6,24.6,27.9,14.3
2015-10-22,10,32.6,4,86,0.8,6.8,0,0.1,0.1,29.4,25.7,20.1,23.8,14.8
2015-10-23,10,6.6,3,69.8,0,29.5,26.3,24.2,14.4,25.5,21.6,15.7,19.6,17.3
2015-10-24,10,0,10.2,72,0.1,4.6,4,3.5,3.1,26.4,23.3,18.6,21.7,12.9
2015-10-25,10,0,8.8,72.8,0.9,5.2,4.9,4.7,4.5,25.2,21.8,16.7,20.1,12.4
2015-10-26,10,11.8,8.2,75.3,0.9,22.5,19.7,17.9,10.5,31.1,26.1,18.6,23.6,11.3
2015-10-27,10,2.2,3.6,77.5,0.6,3,2.1,1.5,0.9,28.6,24.6,18.6,22.6,0
2015-10-28,10,0,1.8,72.5,0.2,3.9,3.6,3.5,2.3,26,23.4,19.7,22.2,0
2015-10-29,10,0,8.8,70.5,0.2,1.2,1.1,1,0.9,29.9,27,22.6,25.5,0
2015-10-30,10,0,10.7,61.5,0.3,1.2,1.2,1.1,0.9,32.1,26.9,19,24.2,10
2015-10-31,10,0,0.4,66,0.9,0.6,0.6,0.6,0.6,28.5,25.8,21.7,24.5,10.7
2015-11-01,11,25.8,0,90,0.9,5.9,0.1,0.1,0.1,22.7,21,18.5,20.2,11.8
2015-11-02,11,16.4,1.9,88,1,7.8,0.1,0.1,0.1,28,25,20.4,23.5,17.6
2015-11-03,11,0.9,0.5,95,0.9,15.4,14,13.1,12.2,27.2,25.2,22.1,24.2,21.8
2015-11-04,11,13.4,2,94,0.8,19.4,13.4,9.3,5.3,27.3,24,19.1,22.3,11.2
2015-11-05,11,23.4,0.5,90,0.1,44.9,38.8,34.8,22.7,27.9,25.2,21.2,23.8,10.3
2015-11-06,11,0,0.6,75,0.9,10.6,9,7.9,6.8,22.3,20.7,18.2,19.8,6.2
2015-11-07,11,1,2.5,77,0.3,11.2,8.6,6.9,4.1,25.6,23.1,19.3,21.8,5.1
2015-11-08,11,0,1.5,80,1,1.3,1,0.7,0.5,30,26.3,20.6,24.4,0
2015-11-09,11,7.6,6,86,0.1,4.2,2.6,1.6,0.6,32,27.8,21.7,25.8,0
2015-11-10,11,0,8.7,75,0.5,4.4,4.1,3.9,3.1,33.5,27.9,19.6,25.2,0
2015-11-11,11,0,7.1,67,0.4,2.2,2.2,2.1,1.3,33.5,28.3,20.6,25.7,0
2015-11-12,11,0,8.5,75,0.2,0.6,0.5,0.5,0.4,33.5,29.1,22.5,26.9,7
2015-11-13,11,0,2.3,87,0.8,0.4,0.4,0.3,0.3,31.1,26.9,20.5,24.7,8.1
2015-11-14,11,8,6.4,87,0.9,10.4,9,8.1,7.2,29.4,25,18.4,22.8,8.8
2015-11-15,11,5.7,5.3,80,0.2,9.6,8.3,7.5,5.6,30.8,26.8,20.8,24.8,7.7
2015-11-16,11,0,4,67.3,0.1,3.7,3.3,3.1,1.8,28.6,26,22.2,24.7,6.8
2015-11-17,11,0,3,88,0.7,0.5,0.3,0.2,0,30.7,26.7,20.7,24.7,7
2015-11-18,11,8.4,8.6,81,0.4,11.3,9.7,8.7,6.1,32.2,27.5,20.6,25.2,7.3
2015-11-19,11,0,7.7,81,0.8,3.6,3.3,3.1,2.9,31,27.6,22.7,26,6.2
2015-11-20,11,15.4,3.7,82,0.7,21.9,18.4,16.1,13.8,27.3,23.9,18.8,22.2,5.8
2015-11-21,11,23.8,7.8,75,0.3,43.6,37.8,33.9,22.8,23.9,21.5,17.8,20.2,0
2015-11-22,11,0,8.3,75,0.9,11.7,9.9,8.7,7.5,33.7,28.5,20.7,25.9,0
2015-11-23,11,3.4,0.1,94,0.8,9.1,8,7.3,6.2,24.8,23.2,20.9,22.4,0
2015-11-24,11,4.8,0,92,1,5.1,1.8,0.1,0.1,22.7,21.5,19.7,20.9,0
2015-11-25,11,3.3,0,87,0.3,5.4,2.1,0,0.1,27.3,25.2,22.2,24.2,0
2015-11-26,11,0,6.6,72,0.1,2.5,2.1,1.8,1.5,28.9,24.3,17.4,22,0
2015-11-27,11,0,10.1,76,0.5,1.9,1.8,1.8,1.4,30.4,25.1,17.2,22.5,0
2015-11-28,11,0,4.9,86,0.9,1,1,1,1,32.4,28.1,21.5,25.9,7.7
2015-11-29,11,55,1.6,84,0.7,88.5,80,74.2,53.1,26,23.1,18.6,21.6,8.9
2015-11-30,11,1.2,2.9,75,0.6,32,27.6,24.6,14.8,25.5,23,19.3,21.8,0
2015-12-01,12,0,4.6,77,0.5,5,3.9,3.1,2.3,29.5,25.5,19.5,23.5,0
2015-12-02,12,0,8.4,75,0.8,5.5,5.2,5.1,3.7,33.6,28.7,21.3,26.3,0
2015-12-03,12,0.5,2.5,77.5,0.9,2.3,2.1,2.1,2,28,24.7,19.8,23.1,0
2015-12-04,12,0.2,6,74.3,0.3,4,3.9,3.8,2.7,30.6,26.4,20.2,24.3,0
2015-12-05,12,0,7.9,76,0,1.6,1.5,1.5,1.4,30.6,26.4,20.1,24.3,0
2015-12-06,12,0,2,82.8,1,2.7,2.7,2.7,2.6,28,25.6,21.9,24.3,0
2015-12-07,12,5,2.9,76.3,0.7,7.4,5.5,4.3,3.2,27.8,25,20.8,23.6,9.5
2015-12-08,12,0,9.6,73.8,0.4,2.2,1.9,1.6,1.6,30.2,25.5,18.4,23.1,7.2
2015-12-09,12,0,1.6,77.5,1,1.6,1.6,1.5,1.4,29.3,25.7,20.3,23.9,7.6
2015-12-10,12,1.2,3.4,69.3,0.7,1.3,1,0.7,0.5,28.8,26.5,23.1,25.4,7.7
2015-12-11,12,0.5,4.5,75,0.5,1.3,1.1,0.9,0.8,29.2,25.4,19.8,23.5,8.1
2015-12-12,12,0,5.2,81.5,0.9,1.1,1.1,1,1,31.5,27.6,21.8,25.7,8.2
2015-12-13,12,1.5,9.3,67.5,0.4,3,2.6,2.4,1.4,32.2,27.6,20.7,25.3,8.5
2015-12-14,12,0,6.1,72,0.9,0.4,0.3,0.3,0.2,34.5,30.4,24.3,28.4,15
2015-12-15,12,12.4,6,82.5,1,12.8,10.7,9.3,7.9,31,26.4,19.5,24.1,15.4
2015-12-16,12,4.5,1.1,81.3,0.8,15,13.7,12.9,9.1,25.7,23.1,19.1,21.8,13.5
2015-12-17,12,0.6,9.3,70.8,0.3,5.4,4.8,4.4,3.8,32.4,27.9,21.2,25.7,6.3
2015-12-18,12,0,10.6,61.8,0.6,3.3,3.1,3.1,1.9,34,28.3,19.8,25.4,5.8
2015-12-19,12,0,6.5,76.3,0.8,0.7,0.7,0.6,0.6,33.8,28.9,21.7,26.5,9.5
2015-12-20,12,6.9,1,73.5,0.8,6.1,5,4.3,3.3,31.8,27.9,22,25.9,9.8
2015-12-21,12,0.6,4.5,78.8,0.1,2.4,2,1.8,1.5,29.6,26.4,21.5,24.8,8.9
2015-12-22,12,0,9.1,71.8,0.8,2.6,2.4,2.3,2.2,32.2,27.5,20.6,25.2,10.8
2015-12-23,12,33.4,5.7,74.8,0.5,32.3,27.3,23.9,19.4,31.5,27.2,20.9,25.1,13
2015-12-24,12,0,2.8,74,0.4,14.9,13.7,12.9,12,31.3,27.9,22.8,26.2,0
2015-12-25,12,0,1.4,77.3,0.9,11.1,10.6,10.2,8.5,33.2,29.5,23.9,27.7,0
2015-12-26,12,1.7,6.9,72.5,0.9,6.9,5.8,5,4.3,31.6,27.1,20.4,24.9,0
2015-12-27,12,2.2,0.5,88.5,1,3.6,3,2.6,2.2,26.1,23.7,20.2,22.5,0
2015-12-28,12,17.6,0,96,1,14.7,9.3,5.7,2.1,25.7,23.5,20,22.3,0
2015-12-29,12,34.6,0,94.8,0.8,68.9,56.8,48.8,40.8,21.7,20.7,19.2,20.2,0
2015-12-30,12,55,0,88.8,0.8,56,10,0.1,0.1,21.2,20.2,18.7,19.7,0
2015-12-31,12,0.6,3.2,86,1,26.3,15.9,9,2.1,29.5,25.8,20.3,23.9,7
2016-01-01,1,23,2,88.5,0.8,54.2,47.7,43.4,24.7,29.3,26.2,21.5,24.7,7.9
2016-01-02,1,0.4,2,82.5,0.7,6.1,4.4,3.2,2.1,27.8,24.9,20.5,23.4,0
2016-01-03,1,12,0,81.8,0.8,18.6,14.3,11.4,8.4,26.3,24.3,21.4,23.3,0
2016-01-04,1,0.4,8.7,0,0.6,5.5,4,3,2,31.1,25.6,17.4,22.9,0
2016-01-05,1,0,10.7,69,0.2,4.9,4.7,4.5,4.1,32.9,27.8,20.3,25.3,16.1
2016-01-06,1,0,9.8,78,0.1,3.7,3.6,3.5,2.1,34.2,28.7,20.5,26,0
2016-01-07,1,0,9,70,0.5,0.7,0.6,0.6,0.5,33.4,28.3,20.6,25.7,0
2016-01-08,1,0,9.6,80,0.7,1.8,1.7,1.7,1.7,35.6,30.4,22.4,27.7,11.1
2016-01-09,1,7.4,3,80,1,11.6,10.5,9.7,9,32.4,28.5,22.8,26.6,11.2
2016-01-10,1,20.8,0,93,0.8,35.7,31.5,28.8,26,27.2,25.8,23.7,25.1,11.3
2016-01-11,1,47.8,0,94,1,42,15.3,0.1,0.1,25.3,24.2,22.4,23.6,0
2016-01-12,1,20.2,0,98,1,51.7,29.4,14.6,0.1,22.3,21.6,20.6,21.2,5.9
2016-01-13,1,18.8,1.8,84,0.6,53.9,22.9,2.2,0.1,28.4,25.3,20.7,23.7,5.7
2016-01-14,1,0,0.3,83,0.9,8.1,6.6,5.6,4.3,27.4,25.7,23.1,24.8,8
2016-01-15,1,2.4,0.3,85,0.8,3,0.1,0.1,0.1,27.3,25.3,22.2,24.2,7.5
2016-01-16,1,0.8,8.1,75,0.7,3.4,2.6,2.1,1.6,27.4,24.4,19.8,22.9,9.7
2016-01-17,1,0,11.5,66,0.2,2.9,2.7,2.6,1.8,29.9,24.9,17.5,22.4,13.9
2016-01-18,1,0,7.8,69,0,1.1,1,1,0.8,28,25.2,21,23.8,10.9
2016-01-19,1,0,0.5,67,0.5,0.7,0.6,0.6,0.6,24.9,22.1,18.1,20.8,14.5
2016-01-20,1,0,3.3,73,0.3,1,1,1,0.9,27.5,24.6,20.1,23.1,22.8
2016-01-21,1,0,11.2,71,0.2,0.8,0.8,0.8,0.8,27,23.3,17.7,21.5,23.2
2016-01-22,1,0,10.6,73,0.4,1.3,1.3,1.3,0.8,30,25.1,17.9,22.7,22.2
2016-01-23,1,0,10.2,69,0.4,0.3,0.3,0.3,0.3,30.6,25.3,17.2,22.6,21.8
2016-01-24,1,0,7.3,0,0.6,0.6,0.6,0.6,0.5,31,25.2,16.5,22.3,23.7
2016-01-26,1,0,9.7,68,0.7,0.5,0.5,0.5,0.5,34.3,28.8,20.4,26,23.3
2016-01-27,1,1.5,2.8,88,0.8,2.3,2,1.8,1.7,32,28.4,23.1,26.7,23.4
2016-01-28,1,39.4,2.7,72,0.4,15.8,8.2,3.2,0.1,30.5,26,19.2,23.7,15.7
2016-01-29,1,0,7.2,62,0.9,22.1,20.8,19.9,19,27.8,24.8,20.2,23.3,16
2016-01-30,1,8.6,7.8,89,1,20.5,17,14.7,11.7,30.3,26.9,21.8,25.2,16
2016-01-31,1,1.6,10.2,60,0.6,8.6,7.3,6.4,4.8,34.4,29.5,22,27,0
2016-02-01,2,0,10.1,71,0.1,3.1,2.9,2.8,1.5,34.6,29.3,21.2,26.6,0
2016-02-02,2,0,9.6,69,0.5,0.3,0.2,0.2,0.1,33.8,28.8,21.2,26.3,0
2016-02-03,2,0,7.8,66.8,0.6,0.7,0.6,0.6,0.6,35.9,31,23.6,28.6,0
2016-02-04,2,0,6.5,68.5,0.4,0.5,0.5,0.5,0.4,32.5,28.6,22.8,26.7,13.3
2016-02-05,2,0,7.2,72.3,0.8,0.2,0.2,0.2,0.2,32.7,28,20.9,25.6,11.2
2016-02-06,2,4.4,7,84,0.7,8.7,8,7.6,7.1,31.2,27.5,21.8,25.6,14.6
2016-02-07,2,8.2,6.1,75,0.7,14.4,12.6,11.5,8.5,33.3,28.9,22.4,26.7,14.1
2016-02-08,2,5.8,10.7,75,0,5.5,4.1,3.1,2.2,31.7,26.4,18.6,23.8,12
2016-02-09,2,0,10.9,79,0.1,4.6,4.3,4.2,2.7,31.7,27.1,20.1,24.8,11.3
2016-02-10,2,0,6,77,0.6,1.3,1.2,1.1,0.7,33,28.9,22.7,26.8,6.2
2016-02-11,2,0,5.1,81,0.2,0.4,0.3,0.3,0.2,28.5,25.4,20.8,23.9,6.2
2016-02-12,2,0,10.8,68,0.1,1.5,1.5,1.5,1.2,30.3,25.3,18,22.9,10.9
2016-02-13,2,0,8.7,77,0.1,0.9,0.9,0.9,0.6,32.3,26.8,18.6,24.1,10.7
2016-02-14,2,0,9.8,71,0.1,0.3,0.3,0.3,0.3,33.3,26.9,17.3,23.7,12.8
2016-02-15,2,0,2.4,89,0.7,0.4,0.4,0.4,0.4,33.1,29.2,23.4,27.2,8.9
2016-02-16,2,25.6,3.8,83,0.5,40.7,36.1,33.1,21.5,30.5,27.2,22.4,25.6,14
2016-02-17,2,0,6.2,88.3,1,9.9,8.7,7.9,5.2,33.1,28.9,22.8,26.9,5.5
2016-02-18,2,3.9,5.4,79,1,2.5,1.1,0.2,0.1,31.7,27.5,21.1,25.3,0
2016-02-19,2,0.4,7.5,74.5,0.1,0.9,0.6,0.4,0.1,34.2,29.7,22.8,27.4,0
2016-02-20,2,0,8.9,74,0.9,2.7,2.6,2.5,2.4,31.9,27.7,21.3,25.6,0
2016-02-21,2,30.8,0.4,85.5,0.8,11,5.9,2.5,0.1,25.6,23.2,19.7,22,0
2016-02-22,2,0.4,0,86,0.9,12,9.9,8.5,7.1,27.5,25.2,21.8,24.1,0
2016-02-23,2,14.8,0,81,0.4,29.5,23.4,19.3,11.5,26,23.8,20.6,22.8,7.4
2016-02-24,2,0,4.4,81,0.8,3.6,2.2,1.2,0.3,28.4,25.1,20.1,23.4,6.2
2016-02-25,2,3.2,3.5,76.8,0.8,10.7,9.3,8.3,7.4,28.4,24.8,19.5,23.1,6
2016-02-26,2,27,8.1,73.8,0.4,24,18.5,14.8,10.6,31.4,27.1,20.5,24.9,0
2016-02-27,2,0,3.5,85.8,0.8,6.5,5.5,4.8,4.2,30.1,27.8,24.2,26.6,0
2016-02-28,2,5.6,2,87,0.9,8.3,5.2,3.1,1.1,28.3,24.6,19.2,22.8,0
2016-02-29,2,11,0,79.5,0.7,7.8,5.1,3.3,1.5,26.1,24.2,21.5,23.3,0
2016-03-01,3,6.8,0,83,0.9,15.9,11.7,8.8,6.3,21.4,19.4,16.4,18.4,5.4
2016-03-02,3,0.4,1.5,79.3,0.9,3.8,2.8,2.2,1.6,26.2,23,18.1,21.3,0
2016-03-03,3,4.2,2.5,93.5,0.8,11,9.7,8.8,7.9,25.1,22.8,19.3,21.6,5.3
2016-03-04,3,25.8,8.7,79,0.7,28.7,20.6,15.2,13.4,29.1,25.3,19.6,23.4,5.9
2016-03-05,3,0,7.3,74,0.3,11.6,10.5,9.8,6.5,31.5,27.5,21.6,25.6,0
2016-03-06,3,0,5.7,79.5,0.2,3.2,2.8,2.5,2.3,30.8,26.9,21.2,25,0
2016-03-07,3,0,7.9,77.8,0.9,2.8,2.6,2.5,2.4,33.8,29.1,22,26.7,0
2016-03-08,3,0.4,7.1,73,0.8,3.7,3.7,3.6,3.5,30.5,25.5,17.9,23,0
2016-03-09,3,13,7.6,73,0.8,8.9,6.8,5.4,4,31.9,27.8,21.8,25.8,0
2016-03-10,3,2.8,2.2,93.5,0.8,13.3,12,11.1,10.2,27.8,25.4,21.9,24.2,0
2016-03-11,3,84.4,5.7,73.3,0.2,51.3,26.5,9.9,0.1,30.2,26.4,20.5,24.4,0
2016-03-12,3,0,9.7,82.3,0,22.1,18.7,16.5,14.3,30.8,26,18.8,23.6,6.6
2016-03-13,3,0,5.9,73.8,0.5,18.7,17.7,17.1,13.3,26.6,23.7,19.4,22.3,0
2016-03-14,3,0,9,72.5,0.4,9.5,8.7,8.2,7.8,29.2,24.9,18.4,22.7,0
2016-03-15,3,0,7.5,76,0.9,7.5,7.2,7,6.8,31.2,26.7,20.1,24.5,0
2016-03-16,3,11.4,1.3,71.3,0.2,15.7,12.8,10.9,10.3,29.8,26.8,22.2,25.2,0
2016-03-17,3,0,8.8,70.3,0.3,9.6,8.7,8.1,5.1,30.3,26.6,21,24.8,0
2016-03-18,3,0,10,70.3,0.3,2.1,1.8,1.6,1.5,32.1,27.3,19.9,24.8,0
2016-03-19,3,0,9.4,65.8,0.2,1.3,1.2,1.1,1.1,32.1,26.4,18,23.6,0
2016-03-20,3,0,8.7,70.5,0.3,2.6,2.6,2.6,2.4,32.3,27.2,19.5,24.7,14
2016-03-21,3,0,9.6,70.5,0.2,2.3,2.3,2.3,1.4,31.5,27,20.3,24.7,13.1
2016-03-22,3,0,1.2,76.3,0.5,0.6,0.6,0.6,0.6,29,25.3,19.8,23.5,15.5
2016-03-23,3,0,5.7,74,0.8,2.1,2.1,2.1,2.1,30.6,25.7,18.4,23.3,13.3
2016-03-24,3,33,4.1,79.3,0.8,32.4,27.7,24.5,21.4,30.9,26.4,19.7,24.2,14.4
2016-03-25,3,16.4,1.8,82.8,0.8,47.9,43.8,41,25.8,29.4,26.3,21.5,24.7,8.5
2016-03-26,3,3.2,6.5,66.5,0.9,10.7,8.1,6.3,4.6,30.7,27.1,21.7,25.3,0
2016-03-27,3,6.6,7.2,79.8,0.6,12,10,8.7,5.1,33,29.2,23.5,27.3,0
2016-03-28,3,0,9.3,76.3,0.2,1.5,1.1,0.9,0.7,34.1,29.4,22.2,27,0
2016-03-29,3,0,6.9,81.5,0,0.6,0.5,0.4,0.3,33.5,29.3,22.9,27.2,0
2016-03-30,3,0,6.8,71.3,0.5,1.9,1.8,1.8,1.7,34.4,29.6,22.5,27.3,0
2016-03-31,3,0,7.4,77.5,0.7,1.6,1.6,1.6,1.5,33.1,28.2,20.9,25.7,0
2016-04-01,4,13,8.6,70.3,0.4,3.9,2,0.7,0.1,31,26.3,19.2,23.9,10.9
2016-04-02,4,0,9.9,73.5,0.3,8.1,7.7,7.4,4.1,31.3,26,18,23.3,8.3
2016-04-03,4,0,9.4,70.5,0.3,0.8,0.7,0.6,0.5,33.5,28.7,21.4,26.2,8.5
2016-04-04,4,0,9.5,71.5,0.2,2.3,2.3,2.2,1.4,31.9,28,22.2,26,14.5
2016-04-05,4,0,9.4,69,0.1,0.5,0.4,0.4,0.3,31,26.4,19.4,24.1,19.2
2016-04-06,4,0,9.8,70.3,0.7,0.3,0.3,0.2,0.2,33.1,28,20.3,25.5,22.3
2016-04-07,4,0,9.9,66.5,0.1,0.8,0.8,0.8,0.8,33.6,27.8,19.3,25,23
2016-04-08,4,0,9,68.5,0.7,0.9,0.9,0.9,0.8,32,26.6,18.6,23.9,21.8
2016-04-09,4,0,7.8,67.8,0.4,0.7,0.7,0.7,0.7,35.8,30.5,22.4,27.8,22.8
2016-04-10,4,0,7,68.5,0.8,1.6,1.6,1.6,1.5,32.1,27,19.5,24.5,15.7
2016-04-11,4,0.6,7.1,72.3,0.3,1.3,1.3,1.3,1.2,33.7,29.2,22.5,26.9,21.6
2016-04-12,4,0,8.2,69.8,0.6,1.1,1.1,1.1,1.1,34.2,29.6,22.6,27.3,20.8
2016-04-13,4,0,8.9,70.3,0.2,1.3,1.3,1.3,1.3,31.4,26.6,19.4,24.2,20.9
2016-04-14,4,0,8.9,65.3,0.5,1.2,1.2,1.2,1.2,33.5,28.3,20.6,25.8,20.5
2016-04-15,4,0,6.1,72.5,0.2,1.6,1.6,1.6,1.6,31.5,27,20.1,24.7,21.5
2016-04-16,4,0,8.1,64.3,0.1,2.2,2.2,2.2,2.2,34.2,29.4,22.2,27,20.5
2016-04-17,4,0,9.4,61,0.2,2.4,2.3,2.3,2.1,30.9,25.9,18.2,23.3,19.4
2016-04-18,4,0,9.5,61.5,0.3,1.8,1.8,1.8,1.8,31,26,18.5,23.5,18.9
2016-04-19,4,0,9.2,63,0,2.2,2.2,2.2,2.2,31.8,27.4,20.6,25.1,19.6
2016-04-20,4,0,9.1,66.5,0.3,2.6,2.6,2.6,1.7,30.8,26.6,20.2,24.5,18.5
2016-04-21,4,0,9.4,62,0.6,0.8,0.8,0.8,0.8,32,27.4,20.6,25.1,18.1
2016-04-22,4,0,8.6,65.8,0.2,2.3,2.3,2.3,2.2,31.1,25.4,17,22.6,21
2016-04-23,4,0,9.2,65,0.1,2.1,2.1,2.1,1.5,32,27.2,20,24.8,18.5
2016-04-24,4,0,7.9,62.5,0.5,0.8,0.8,0.8,0.6,30.6,25.7,18.4,23.3,19.1
2016-04-25,4,0,6.8,62.8,0.8,0.4,0.4,0.4,0.4,33.2,27.9,19.9,25.2,14.3
2016-04-26,4,4.2,2,88.3,1,8.1,7.4,6.9,6.4,27,24.4,20.5,23.1,14.8
2016-04-27,4,5.6,1.4,84,0.5,11.4,9.4,8.2,4.4,18.4,16.8,14.5,16.1,13.5
2016-04-28,4,0,7.6,69.8,0,0.6,0.1,0.1,0.1,23,18.6,11.9,16.3,12.3
2016-04-29,4,0,3.5,76,0.4,2,1.9,1.9,1.2,22,18.6,13.5,16.9,13.2
2016-04-30,4,0,9.2,69.3,0.6,0.5,0.5,0.5,0.3,22.4,17.3,9.5,14.7,13.2
2016-05-01,5,0,9.2,63.8,0.7,0.2,0.2,0.2,0.2,21.2,15.7,7.5,12.9,12.4
2016-05-02,5,0,9,82.5,0,0.4,0.4,0.4,0.4,26.4,20.1,10.6,16.9,12.7
2016-05-03,5,0,9.1,70.3,0.2,0.6,0.6,0.6,0.5,25.6,19.4,10,16.2,23
2016-05-04,5,0,9.1,68.5,0.5,0.4,0.4,0.4,0.4,29.4,23.7,15.3,20.9,24
2016-05-05,5,0,5.4,72.5,0.6,0.6,0.6,0.6,0.6,27.6,22.6,15,20.1,23.9
2016-05-06,5,0,8.8,72,0.3,0.6,0.6,0.6,0.6,29.4,24.1,16.1,21.4,23.7
2016-05-07,5,0,1.5,76.3,0.3,0.8,0.8,0.8,0.6,26.7,23.5,18.5,21.8,23.8
2016-05-08,5,0,1.1,82.8,0.2,0.4,0.4,0.4,0.3,24.6,21.6,17.1,20.1,23.3
2016-05-09,5,0,2.2,76.3,1,0.2,0.2,0.2,0.2,26.9,23.5,18.3,21.8,16.1
2016-05-10,5,2,0.8,83.3,0.1,3.1,2.7,2.3,1.7,24.8,22.7,19.5,21.6,24.4
2016-05-11,5,0,4.2,76.8,0.4,1,0.8,0.7,0.5,24.3,20.6,15.2,18.8,9.3
2016-05-12,5,0,5.2,75.3,0,0.4,0.3,0.3,0.3,21.7,18.9,14.8,17.6,9.3
2016-05-13,5,0,7.5,73.3,0.3,0.5,0.5,0.5,0.3,24.2,20.6,15.3,18.9,9.4
2016-05-14,5,0,7.9,72.3,0.1,0.1,0.1,0.1,0.1,24.4,21.4,16.9,19.9,14
2016-05-15,5,0,8.9,75.3,0.9,0.1,0.1,0.1,0.1,29.2,23.1,14.1,20.1,9.5
2016-05-16,5,4.9,2.8,82.3,0.9,5.7,5.2,4.8,3.6,25.6,22.1,16.9,20.4,9.5
2016-05-17,5,1.6,7,79.3,1,2.5,1.9,1.5,1,26.5,23.3,18.4,21.7,9.1
2016-05-18,5,4.2,0,91.3,0.9,7.1,6,5.3,4.6,17.7,16,13.6,15.2,9
2016-05-19,5,28.8,0,81.3,0.5,30.1,17.6,9.2,7.2,18.6,16.6,13.5,15.6,8.3
2016-05-20,5,0,9,78.3,0.9,5.1,2.9,1.4,0,26.7,21.8,14.3,19.3,7.1
2016-05-21,5,36.6,0,95.3,0.9,15.5,9.8,6,2.2,21.3,19.3,16.2,18.3,7
2016-05-22,5,13,5.5,84.3,0.8,7.7,0.1,0.1,0.1,27.3,23.4,17.4,21.4,6.5
2016-05-23,5,8.6,8,69.3,0.7,21.5,18.6,16.6,11.6,22.5,19.7,15.4,18.3,9.1
2016-05-24,5,0,3.4,78,0.3,6.6,5.7,5.1,3.2,18.6,15,9.7,13.2,7.1
2016-05-25,5,0,8.4,71.5,0.1,1.4,1.1,0.9,0.8,24.2,20.2,14.1,18.2,7.3
2016-05-26,5,0,8.6,77,0.6,2.6,2.5,2.4,2.4,24.8,19.9,12.6,17.5,8.4
2016-05-27,5,0,4,76.3,0.2,2.3,2.3,2.2,2.1,25.5,21.4,15.4,19.4,10.6
2016-05-28,5,0,7.5,75.3,0.5,2,2,2,1.2,26.6,23.4,18.5,21.7,11
2016-05-29,5,0,1.3,83.5,0.1,0.3,0.3,0.3,0.3,21.7,19.7,16.8,18.8,15.8
2016-05-30,5,0,0,93.8,0.9,1.4,1.4,1.4,1.4,16.3,15,13.2,14.4,8.2
2016-05-31,5,26.4,4.7,88.8,0.7,41.7,26.7,16.7,6.7,26,22.6,17.5,20.9,8.6
2016-06-01,6,22.2,2.1,92.5,0.8,47.9,41.7,37.6,33.5,24.6,22,18.2,20.7,7.2
2016-06-02,6,26.4,6,85.3,0.8,65.5,55.8,49.4,43.3,25.5,22.9,19,21.6,0
2016-06-03,6,10,1.6,95.8,0.9,37.1,31.4,27.6,20.4,22.3,20.1,16.8,19,0
2016-06-04,6,1.6,0.9,96.8,0.9,13.2,10.5,8.8,7,22.5,20.9,18.4,20.1,0
2016-06-05,6,63.2,0.9,98,0.7,27.2,0,0.1,0.1,21.9,12.6,6,8,0
2016-06-06,6,41.3,0.1,91.8,0.9,56.2,51.6,48.5,33.2,24.3,14.6,0,9.7,0
2016-06-07,6,16.6,0,93.8,0.3,17.8,15.3,13.6,11.4,18.1,15.8,12.4,14.6,0
2016-06-08,6,0,8.1,82.8,0.7,9.3,6.9,5.3,3.7,21.2,17.7,12.4,15.9,0
2016-06-09,6,0,7.8,78.8,0.5,7.1,6.5,6.1,5.4,18.4,13.7,6.5,11.3,0
2016-06-10,6,0,6.1,72,0.5,4.6,4.4,4.3,3.2,21.3,15.8,7.6,13,0
2016-06-11,6,0,7.9,73.3,0.5,2.2,2.1,2.1,2,18.2,12.8,4.7,10.1,0
2016-06-12,6,0,8.3,67.3,0.1,3.1,3,3,2.3,16.9,11.4,3.1,8.6,0
2016-06-13,6,0,8.2,62,0.4,1.7,1.6,1.6,1.6,20.7,14.2,4.3,10.9,7.2
2016-06-14,6,0,8,71,0.1,4.6,4.6,4.6,4.2,24.8,20,12.9,17.6,17.3
2016-06-15,6,0,8,80,0.2,3.9,3.9,3.8,3.8,23.6,17.5,8.3,14.4,11.5
2016-06-16,6,0,7.9,75.3,0.5,4,4,4,2.4,25.4,19.6,10.9,16.7,13.9
2016-06-17,6,0,8.1,73.8,0.5,0.8,0.8,0.8,0.8,26.6,20.9,12.5,18.1,14.6
2016-06-18,6,0,7.8,75.5,0.1,3.4,3.4,3.4,3.4,26.6,21,12.5,18.2,19.7
2016-06-19,6,0,6.6,78.3,0.2,4.3,4.3,4.3,4,25.6,20.7,13.3,18.2,15
2016-06-20,6,0,7.1,77.3,0.3,3.7,3.7,3.7,2.7,18.8,15.4,10.3,13.7,6.8
2016-06-21,6,0,5.3,75.3,0.2,1.7,1.7,1.7,1.7,18.9,16.2,12.3,14.9,8.6
2016-06-22,6,0,2,80,0.1,1.6,1.6,1.6,1.6,20.2,17.4,13.1,15.9,10.7
2016-06-23,6,0,7.9,78.8,0.5,3.4,3.4,3.4,3.2,25.9,20.5,12.4,17.8,11
2016-06-24,6,0,7.7,73.3,0.5,3,3,3,2.2,25.6,20.4,12.6,17.8,8.8
2016-06-25,6,0,6.5,76,0.5,1.4,1.4,1.4,1.4,24.3,18.9,10.8,16.2,9.6
2016-06-26,6,0,7.7,78.8,0.6,3.7,3.7,3.7,3.6,23.1,18.4,11.2,16,11.4
2016-06-27,6,0,8.1,74,0.1,3.5,3.5,3.5,2.4,26.3,20.6,12.2,17.8,9
2016-06-28,6,0,8,72.3,0.1,1.3,1.3,1.3,1.3,24.2,18.8,10.7,16.1,9.3
2016-06-29,6,0,7,74.8,0.6,2.8,2.8,2.8,2.7,26.2,20.4,11.7,17.5,11.2
2016-06-30,6,0,2.7,70.8,0.2,2.7,2.7,2.7,2.1,25.5,20.9,14,18.6,16.8
2016-07-01,7,0,7.8,69.5,0.6,1.5,1.5,1.5,1.5,27.8,22.8,15.3,20.3,17.2
2016-07-02,7,0,8.9,73,0.5,1.5,1.5,1.5,1.5,25.2,20.3,12.9,17.8,18.9
2016-07-03,7,0,8.4,75.3,0.2,2,2,2,2,26.3,20.9,12.8,18.2,19.5
2016-07-04,7,0,8.4,68.3,0.4,2.6,2.6,2.6,2.1,25.8,21.1,14.1,18.8,18.8
2016-07-05,7,0,7.3,72.3,0.6,1.5,1.5,1.5,1.2,27.8,22.3,14.1,19.6,17.8
2016-07-06,7,0,6.3,70.5,0.1,0.9,0.9,0.9,0.9,28.3,22.8,14.6,20.1,19.9
2016-07-07,7,0,8.2,73,0,2.9,2.9,2.9,2.9,24.1,19.1,11.7,16.6,21.4
2016-07-08,7,0,7.8,58.8,0.6,4.1,4.1,4.1,3,22.8,16.6,7.4,13.5,17.6
2016-07-09,7,0,8.4,67.8,0.6,1.8,1.8,1.8,1.3,24.7,17.2,6,13.4,15.5
2016-07-10,7,0,8.6,67.8,0.5,0.8,0.8,0.8,0.8,28.3,20.8,9.6,17.1,19.3
2016-07-11,7,0,8.6,60.8,0.4,2.5,2.5,2.5,2.4,32.1,25.1,14.6,21.6,21.1
2016-07-12,7,0,8,56.3,0.5,2.2,2.2,2.2,2.1,30.9,24.5,14.9,21.3,17.9
2016-07-13,7,0,6.8,78,0.4,2,2,2,1.5,27.1,22.4,15.2,20,18.2
2016-07-14,7,0,8,73,0.6,1.1,1.1,1.1,1.1,31,25,16,22,19
2016-07-30,7,0,7.8,79,0.4,2,2,2,2,28,23,15.6,20.5,21
2016-07-31,7,0,8.4,73,0.1,2.6,2.6,2.6,2.4,25.5,20.1,11.9,17.4,19.3
2016-08-01,8,0,6.5,80,0,2.1,2.1,2.1,2.1,27.8,22.2,13.6,19.3,17.9
2016-08-02,8,0,8.5,79,0.1,2.5,2.5,2.5,1.8,24.1,20.2,14.3,18.3,18.7
2016-08-03,8,0,7.9,82,0.3,1,1,1,1,25.5,21.4,15.3,19.3,10.8
2016-08-04,8,0,8.7,77,0.3,3,3,3,2.1,26.5,21.2,13.4,18.6,12.2
2016-08-05,8,0,8.3,72,0.4,1.2,1.2,1.2,1.1,27.3,21.9,13.7,19.2,10.3
2016-08-06,8,0,9,69,0.6,1.1,1.1,1.1,1.1,30.7,24.9,16.2,22,12
2016-08-07,8,0,8.6,70,0.5,2,2,2,2,27.2,23.4,17.6,21.5,12.3
2016-08-08,8,0,7.7,78,0.7,2.1,2.1,2.1,1.4,23.3,20,15.2,18.4,19.4
2016-08-09,8,0,0.7,80,0.2,0.7,0.7,0.7,0.7,24,20.9,16.2,19.4,19.7
2016-08-10,8,0,7.2,78,0.1,0.8,0.8,0.8,0.8,19.1,16.2,11.8,14.7,21.8
2016-08-11,8,0,3.5,74,0.1,3.2,3.2,3.2,2.3,17.9,14.2,8.6,12.3,22
2016-08-12,8,0,9.3,75,0,1.4,1.4,1.4,1.4,20.5,15.6,8.2,13.1,18
2016-08-13,8,0,9.5,77,0.7,2.9,2.9,2.9,2.5,26.4,18.3,6.1,14.3,12
2016-08-14,8,0,9.2,64,0.7,2.2,2.2,2.2,2.2,28.9,20.9,8.9,16.9,10.6
2016-08-15,8,0,4.3,79,0.9,2.2,2.2,2.2,2.2,29.5,23.1,13.5,19.9,14.1
2016-08-16,8,0.9,4.6,83,0.4,2.3,2.3,2.3,1.7,26,21.5,14.7,19.2,18.5
2016-08-17,8,0,9.2,70,0.9,1.1,1.1,1.1,1.1,28.6,22.4,12.9,19.2,7.9
2016-08-18,8,2.8,8,81,0.2,9.8,9.2,8.8,5.1,30,25.1,17.9,22.7,18.9
2016-08-19,8,0,7.2,84,1,1.5,1.3,1.2,1.1,30.9,24.9,15.8,21.8,7.3
2016-08-20,8,6.1,0.4,94,0.7,6.2,5.4,4.9,4.3,21.1,19,15.9,18,7.6
2016-08-21,8,43.6,1.1,83,0.9,13.9,0.1,0.1,0.1,20.9,17.2,11.6,15.4,7.2
2016-08-22,8,0.4,5.9,77,0.1,9.7,7.8,6.6,4.9,15.6,12.2,7.1,10.5,10.6
2016-08-23,8,0,9.6,77,0.6,3.3,2.6,2.1,1.5,24.7,19,10.6,16.2,10
2016-08-24,8,0,9.5,82,0.2,3.7,3.5,3.3,3.2,27.9,22.7,14.8,20.1,9.9
2016-08-25,8,0,9.9,84,0.5,7.2,7.1,7,6.2,29,22,11.7,18.6,11.6
2016-08-26,8,0,9.7,81,0.5,5.5,5.4,5.4,4.3,31.1,24.1,13.5,20.6,9.5
2016-08-27,8,0,9.8,63,0.1,3.1,3.1,3.1,3,30.4,23.9,14.1,20.7,9.5
2016-08-28,8,0,9.8,67,0.6,3.8,3.8,3.7,3.7,30.6,23,11.7,19.2,7.9
2016-08-29,8,0,8.5,68,0.1,3.8,3.8,3.8,3.8,31.5,24.8,14.6,21.4,7.5
2016-08-30,8,0,3.4,74,1,4.1,4,4,4,28.7,25,19.4,23.1,10
2016-08-31,8,13.4,0.5,97,0.8,13.4,10.4,8.4,6.4,23.9,19.9,14,18,9.7
2016-09-01,9,4,8.2,85,0.6,11.1,9.5,8.5,6.2,28.7,23.3,15.2,20.6,5.7
2016-09-02,9,0,9.3,81,0.6,4,3.7,3.6,2.5,28.2,23,15.1,20.3,5.3
2016-09-03,9,0,0.7,81,0.8,1.5,1.4,1.3,1.3,24.6,22.1,18.4,20.8,5.3
2016-09-04,9,6.2,0.4,91,0.4,12,10,8.7,6.3,22.5,20.2,16.8,19,5.7
2016-09-05,9,0,4.9,77,0.8,3.8,3.4,3,2.7,24.7,20.4,14,18.3,5.2
2016-09-06,9,10.6,0.2,89,0.3,19.7,17.8,16.5,9.1,21.4,19.2,15.9,18.1,5.4
2016-09-07,9,0,1.4,80,0.6,1.8,1,0.4,0.1,21.1,18.6,14.7,17.3,0
2016-09-13,9,0,0,0,0.2,2.2,2,1.8,1.7,34.1,28.8,20.9,26.2,5.9
2016-09-14,9,0,0.9,0,0.4,1.7,1.6,1.6,1.1,28.6,24.9,19.2,23,10.3
2016-09-15,9,0,9.8,0,0.3,0.6,0.5,0.5,0.5,28.3,22.2,13.2,19.2,24
2016-09-16,9,0,7.1,0,0.6,0.6,0.6,0.6,0.6,23.7,20.1,14.7,18.3,29
2016-09-17,9,0,8.3,75,0.4,1.1,1,1,1,32.2,26.3,17.5,23.4,29.7
2016-09-18,9,0,5.9,0,0.8,1.3,1.3,1.3,1.3,32.8,27.1,18.5,24.3,22.9
2016-09-19,9,55,7,82,0.3,83.7,77.1,72.7,41.7,27.1,22.7,16,20.5,31.5
2016-09-20,9,0,4.9,70,0.1,10.7,8.8,7.6,6.6,22.3,18.9,13.9,17.2,0
2016-09-21,9,0,8.1,74,0.2,5.7,4.8,4.2,3.6,24.2,19.5,12.5,17.2,0
2016-09-22,9,0,9.9,0,0.6,4.4,4.1,3.9,3.7,25.9,21.1,13.7,18.6,0
2016-09-23,9,0,9.9,77,0.5,9,8.8,8.7,6.6,30.5,23.6,13.2,20.1,0
2016-09-24,9,0,9,75,0.5,4.6,4.5,4.5,4.5,25.2,20.9,14.3,18.7,0
2016-09-25,9,0,2,77,0.9,5.6,5.5,5.5,5,23.8,19.7,13.7,17.7,0
2016-09-26,9,0.4,10.4,66.3,0.3,4.5,4.5,4.4,4.4,24.6,20.1,13.4,17.9,0
2016-09-27,9,0,10.2,60.3,0.2,7.3,7.3,7.3,4.8,27.3,20.1,9.2,16.5,8.9
2016-09-28,9,0,10.2,62.3,0.4,2.3,2.3,2.3,2.3,31.5,24.6,14.1,21.1,0
2016-09-29,9,0,10.1,62.3,0.4,6.5,6.5,6.5,3.7,31.1,24.1,13.6,20.6,12.7
2016-09-30,9,0,9.2,68.5,0,0.9,0.9,0.9,0.9,23.1,19.3,13.8,17.5,9.6
2016-10-01,10,0,8.6,70.3,0.6,4.7,4.7,4.7,4.7,24.7,21.5,16.6,19.8,17.5
2016-10-02,10,0,10.3,67,0,6.1,6.1,6,5.1,25.5,21.6,15.6,19.6,10.7
2016-10-03,10,0,0,89,0.7,4.1,4.1,4.1,4.1,21.1,19.7,17.6,19,10.5
2016-10-04,10,21.8,6.8,76.8,0.5,45.5,33.2,24.9,16.3,25.1,21.5,16,19.7,10.8
2016-10-05,10,0,5.6,67.3,0.2,7.7,6.7,6,5.6,23.2,19.6,14.3,17.8,0
2016-10-06,10,0,9.4,66,0.9,5.3,4.9,4.6,4.5,27.7,23.1,16.3,20.8,0
2016-10-07,10,0.4,8.5,69,0.3,4.5,4.3,4.2,3.7,22.6,18.2,11.5,16,0
2016-10-08,10,0,10.1,63.8,0.5,3.1,3,3,2.2,29.1,22.5,12.6,19.2,0
2016-10-09,10,0,9.9,64.5,0.6,1.5,1.4,1.4,1.4,25.3,21.3,15.4,19.3,8.9
2016-10-10,10,0,10.6,68.3,0.1,1.8,1.8,1.7,1.7,26.9,23.1,17.4,21.2,12.1
2016-10-11,10,0,9,70.5,0.2,2.3,2.2,2.2,2.1,28.7,24.1,17.2,21.8,17
2016-10-12,10,0,9.1,69,0.8,2,2,2,2,32.4,25.9,16.1,22.6,12.5
2016-10-13,10,10.2,2,90.8,0.7,2.7,1.5,0.6,0.1,26.9,23.3,17.9,21.5,13.2
2016-10-14,10,23.6,1.2,88,0.8,5.6,0.4,0.1,0.1,24,21,16.6,19.5,14.3
2016-10-15,10,16.2,7.1,73,0,5.4,0.1,0.1,0.1,30.3,25.9,19.2,23.6,9.7
2016-10-16,10,0,9.2,66,0.2,6.2,5.4,4.8,3.4,35.6,30,21.5,27.1,11.1
2016-10-17,10,0,9.6,61.8,0.6,2,1.8,1.6,1.5,35.7,30.2,21.9,27.4,10.8
2016-10-18,10,0,8.8,65.8,0.2,3.9,3.8,3.7,3.5,32.8,27.9,20.7,25.5,18.5
2016-10-19,10,0,10.2,56,0.8,3.3,3.2,3.1,2,36,29.6,20.1,26.4,18.1
2016-10-20,10,0.2,7.8,71.8,0.9,0.8,0.8,0.8,0.8,38.2,32.4,23.8,29.5,17.4
2016-10-21,10,73.8,8.2,73.3,0.4,117.5,108.6,102.7,67.1,27.5,23.4,17.2,21.3,22.4
2016-10-22,10,0,4.4,73.8,0.4,31.4,28.7,26.8,17,25.9,22.7,17.9,21.1,0
2016-10-23,10,0,7.2,72.8,0.3,7.1,5.8,4.9,4.1,33.6,28.1,20,25.4,0
2016-10-24,10,0,7.8,66,0.9,13.3,13,12.7,12.5,31.8,26.8,19.1,24.2,0
2016-10-25,10,14.8,0,91.5,0.9,31.4,28.5,26.5,17.6,24.5,22.8,20.1,21.9,0
2016-10-26,10,3.2,4.2,72,1,8.7,4.7,2,0.1,28.6,24.5,18.4,22.5,0
2016-10-27,10,7.2,3.1,77,0.9,15.3,13.6,12.4,8,27.7,24.8,20.5,23.4,0
2016-10-28,10,3,11,62.8,0.3,3.7,2.1,1.1,0.1,26.6,21.7,14.3,19.2,0
2016-10-29,10,0,11,65.5,0.1,1.2,1,0.9,0.7,25.9,21.6,15.2,19.5,0
2016-10-30,10,0,11,70.3,0.5,1.5,1.4,1.4,1.2,28,23.4,16.5,21.1,0
2016-10-31,10,0,8.7,67.8,0.2,1.1,1,1,0.7,30.7,25.4,17.3,22.7,0
2016-11-01,11,0,9.2,63.3,0.2,0.4,0.4,0.4,0.4,29.9,25.5,19.1,23.4,20.4
2016-11-02,11,0,6.5,77.8,0.8,0.7,0.7,0.7,0.7,32.9,28.2,21.1,25.8,13.4
2016-11-03,11,23.2,0,87.5,0.7,39.8,36.5,34.2,21.9,20.3,18.8,16.7,18.1,15.8
2016-11-04,11,1.6,2.4,76.8,0.6,9.6,5.2,2.3,0.1,25.5,21.8,16.2,19.9,8.8
2016-11-05,11,0,10.2,72.5,0.1,5,4.7,4.4,3.2,24.9,20.6,14.2,18.5,9
2016-11-06,11,0,9.7,71.3,0.6,2.1,1.9,1.9,1.1,30.5,26.2,19.7,24,0
2016-11-07,11,0,9.8,68.8,0.3,0.4,0.3,0.3,0.3,29.3,23.9,15.9,21.3,0
2016-11-08,11,0,9,65.3,0.5,1.6,1.6,1.6,0.9,33.3,27.5,18.8,24.6,9.5
2016-11-09,11,0,7.4,74,0.8,0.2,0.2,0.2,0.2,30.6,25.3,17.5,22.7,0
2016-11-10,11,24.6,10.5,71.5,0.2,8.8,5.6,3.4,1.2,31.8,25.9,17.2,23,23.3
2016-11-11,11,0,7.7,71.8,1,3.8,3.2,2.7,2.3,31.9,26.4,18,23.6,14.7
2016-11-12,11,4.4,0.2,75,0.9,12.3,11.2,10.5,5.9,23.7,21.5,18.3,20.4,15
2016-11-13,11,2.8,0,90.3,0.8,1.4,0.1,0.1,0.1,19.3,18.2,16.5,17.7,13.4
2016-11-14,11,14.4,0.7,78.5,0.2,26.7,16.9,10.4,9.4,25.5,23.1,19.3,21.8,14.2
2016-11-15,11,0,5.2,78.5,0.9,8.4,7.4,6.7,6.1,29.2,25.4,19.8,23.5,6.9
2016-11-16,11,1.2,6.9,76.5,0.7,6.8,6.1,5.6,4.2,27.8,22.9,15.6,20.4,5.9
2016-11-17,11,0.8,9.8,74.8,0.8,2.8,2.6,2.5,2,29.6,24.6,17.1,22.1,5.4
2016-11-18,11,0.3,2.3,71.5,0.2,1.5,1.4,1.3,0.8,24.8,22.4,18.7,21.1,5.5
2016-11-19,11,0,9,70.5,0.1,0.3,0.2,0.1,0.1,23.2,19.8,14.9,18.2,6.5
2016-11-20,11,0,11,63.3,0,0.8,0.7,0.7,0.5,28.5,22.5,13.5,19.5,9.8
2016-11-21,11,0,9.5,49.3,0.4,0.3,0.3,0.3,0.2,32.3,25.4,15.1,22,19.7
2016-11-22,11,0,3.8,70.3,0.5,0.2,0.2,0.2,0.2,27.7,24.9,20.5,23.4,22.6
2016-11-23,11,0,4.9,80.3,0.1,0.7,0.7,0.7,0.7,29.4,25.3,19.2,23.3,24
2016-11-24,11,0,7.1,65,0.3,0.7,0.7,0.7,0.5,29.5,25.1,18.5,22.9,23.5
2016-11-25,11,0,7.9,72.5,0.3,0.3,0.3,0.3,0.3,32.5,27.6,20.2,25.1,23.7
2016-11-26,11,0,8,72.3,0.4,0.2,0.2,0.2,0.2,35.4,29.8,21.5,27,24.3
2016-11-27,11,0,8.5,69,0.2,0.7,0.7,0.7,0.7,33.8,28.6,20.6,25.9,24.5
2016-11-28,11,0,4.7,86.5,0.7,0.8,0.8,0.8,0.8,30.8,26.5,20.1,24.3,16.3
2016-11-29,11,2.1,4.3,73,0.4,4.5,4.1,3.8,2.6,27.2,23.9,19,22.3,23.1
2016-11-30,11,0,0.4,72.5,0.5,1.4,1.3,1.2,1,21.2,19.2,16.3,18.2,15.5
2016-12-01,12,0,2.3,72.8,0.5,0.8,0.7,0.7,0.6,24.4,20.9,15.7,19.2,15.3
2016-12-02,12,0,5.5,70.5,0.6,0.5,0.5,0.5,0.4,28.8,24.6,18.4,22.5,15.2
2016-12-03,12,0,1.9,83,1,0.4,0.4,0.4,0.4,31.2,26.6,19.8,24.4,15.2
2016-12-04,12,4.6,10,75.5,1,4.9,4.2,3.7,3.3,29.5,25.1,18.5,22.9,9
2016-12-05,12,5,10.9,66.8,0.1,10.9,9.9,9.3,5.3,28.7,23.2,14.8,20.4,14.5
2016-12-06,12,0,11.9,59,0.5,1.4,1.2,1.1,0.8,31.8,25.3,15.7,22.1,13.5
2016-12-07,12,0,6.3,83.8,1,0.6,0.5,0.5,0.4,30,25.2,18,22.8,13.6
2016-12-08,12,9.2,7.9,70.8,0.4,6.6,5.2,4.3,3.4,30.4,25.2,17.6,22.7,13.6
2016-12-09,12,0,3.1,77.5,0.3,2.6,2.3,2.1,1.6,28.5,23.9,16.8,21.5,12.7
2016-12-10,12,0,4.1,82.3,0.7,1,0.9,0.8,0.7,30.8,27.4,22.4,25.8,12.4
2016-12-11,12,18,1.6,91,0.8,33.3,29.5,26.9,22.3,26.5,24.3,20.8,23.1,13.1
2016-12-12,12,13.8,2.5,82.3,0.9,17.7,11.7,7.8,7,27.7,25.6,22.4,24.5,0
2016-12-13,12,5.2,4,74.8,0.6,6.3,2.5,0,0.1,30.7,25.9,18.9,23.6,0
2016-12-14,12,0,4.2,75,0.5,1.1,0.7,0.5,0.2,29.4,26.1,21.1,24.4,0
2016-12-15,12,0,6.4,69.3,0.6,2.7,2.5,2.4,1.4,22.3,20.5,17.7,19.5,0
2016-12-16,12,0,6.5,69,0.2,0.4,0.3,0.2,0.1,28.4,24.4,18.3,22.3,0
2016-12-17,12,0,10.8,65.8,0.2,1.6,1.5,1.5,1.5,28.4,23.8,17,21.6,9.6
2016-12-18,12,0,7.6,72.8,0.7,1.7,1.6,1.6,1.6,30.3,24.8,16.7,22.1,14.5
2016-12-19,12,19,5.6,81.3,0.5,29.9,27.5,25.8,17.1,32.7,27.9,20.8,25.5,21.8
2016-12-20,12,0,6.4,82,0.7,8.4,7.8,7.3,6.9,29.1,24.1,16.7,21.7,10.1
2016-12-21,12,16.2,6.1,87.8,0.8,27.9,25.2,23.4,22.4,29.8,25.4,18.8,23.2,0
2016-12-22,12,7.4,1.5,76,0.6,21.3,19.2,17.8,12.2,28.3,24.5,18.8,22.6,0
2016-12-23,12,0,8.4,63.3,0.8,6.5,6,5.6,5.3,32.7,27.5,19.5,24.8,0
2016-12-24,12,6.4,10.6,61.5,0.5,8,6.8,6.1,5.2,33.6,27.2,17.4,23.9,0
2016-12-25,12,0,8,69,0.9,4.3,4.1,3.9,3.8,33,27.9,20.2,25.3,0
2016-12-26,12,7.6,11.3,59.5,0.6,10.1,8.9,8.1,5.4,35.2,29.1,19.9,26.1,0
2016-12-27,12,0,11,63.5,0.1,2.8,2.5,2.4,1.8,33.8,28.5,20.4,25.8,0
2016-12-28,12,0,6.7,62,0.3,1.1,1,1,0.9,36.3,30.7,22.1,27.8,0
2016-12-29,12,0,7.9,67.8,0.6,1.7,1.7,1.7,1.6,34.2,26.9,16,23.3,10.3
2016-12-30,12,0,8.5,63,0.5,1.5,1.5,1.5,0.8,33.9,28.9,21.3,26.4,17.1
2016-12-31,12,0,6.3,68.5,0.9,0.2,0.1,0.1,0.1,33.7,29.2,22.5,27,12.7
2017-01-01,1,1.8,7.1,77,0.1,1.5,1.1,0.9,0.7,30.9,26.7,20.4,24.6,22
2017-01-02,1,0,5.7,88,0.7,0.5,0.4,0.4,0.3,32.5,29.1,24,27.4,15.2
2017-01-03,1,10.4,5.8,88,1,5.4,3.2,1.8,0.4,35.5,29.7,21.1,26.8,15.7
2017-01-04,1,15.6,1.9,77,0.8,13.2,10.9,9.4,8,30.9,26.6,20.1,24.5,9.2
2017-01-05,1,0.5,7.2,77,0.1,9.7,9,8.5,7.2,30.5,26.5,20.4,24.4,8.1
2017-01-06,1,0,5.1,81,0.5,5.9,5.6,5.4,5,30.1,26.2,20.2,24.2,7
2017-01-07,1,0,4.2,0,0.6,4.6,4.4,4.3,2.4,32.7,29,23.6,27.2,6.2
2017-01-08,1,0,7.1,76,0.1,0.4,0.4,0.3,0.3,34.2,29.7,23,27.5,10
2017-01-09,1,0,5.9,92,0.8,0.5,0.5,0.4,0.4,33.7,29,22,26.7,10
2017-01-10,1,42,6.4,81,0.2,15.9,9.6,5.4,1.2,29.6,25.4,19.3,23.4,17.8
2017-01-11,1,0,3.5,81,0.6,16.5,15,13.9,11.2,31.5,28,22.6,26.2,11.8
2017-01-12,1,0,1.5,78,0.7,8.5,7.9,7.4,4.4,29.2,26.7,23.1,25.5,10.5
2017-01-13,1,0,3,81,0.3,1.3,0.8,0.5,0.2,31.7,27.2,20.5,24.9,10.5
2017-01-14,1,0,9,82,0.2,1.3,1.2,1.1,1,35,29.6,21.7,27,10.9
2017-01-15,1,0,9.5,80,0.7,6.5,6.4,6.3,6.3,32.5,28.1,21.5,25.9,6.5
2017-01-16,1,11.2,4.3,87,0.9,8.9,6.7,5.2,3.7,28.8,25.4,20.4,23.8,5.5
2017-01-17,1,6.2,0,95,0.8,16,13.8,12.3,10.9,27.8,25.7,22.4,24.6,5.2
2017-01-18,1,18.6,0,96,0.8,37.1,30.2,25.6,25.3,20.9,20.2,19.1,19.8,5.3
2017-01-19,1,57.4,0,94,0.7,24.9,0.1,0.1,0.1,25.5,23.5,20.4,22.5,0
2017-01-20,1,15.6,0.4,94,0.7,49.2,37.1,29,22,23.9,21.5,18,20.3,19.7
2017-01-21,1,8.8,0.4,94,0.9,14.9,9,5,1,29.1,26,21.3,24.4,15.9
2017-01-22,1,22.8,1.2,87,1,21.4,15,10.8,10.4,26.4,23.3,18.8,21.8,16.6
2017-01-23,1,0.6,2.5,89,0.8,10,8.5,7.5,6.3,26.7,23.4,18.3,21.7,15.5
2017-01-24,1,2.8,10,82,1,5.2,3.5,2.3,1.2,29.9,25.3,18.4,23,16.3
2017-01-25,1,24.8,5.3,81,0.4,8,4,1.3,0.1,30.9,27.6,22.5,25.9,20.3
2017-01-26,1,0,0,94,0.8,6.1,4.9,4.1,3.3,24.1,22.4,19.9,21.6,0
2017-01-27,1,9.6,0,92,1,5.6,0.1,0.1,0.1,25.3,23.7,21.4,23,6.1
2017-01-28,1,7.2,5.4,81,0.6,11.9,6.7,3.3,0.1,32.1,27.5,20.6,25.2,7.6
2017-01-29,1,0,7.9,74,0,6.9,6.6,6.3,5.1,34.7,30.5,24.1,28.4,9.2
2017-01-30,1,0,6.7,79,0.3,3.8,3.7,3.6,2.8,30.5,26.8,21.1,24.9,9.5
2017-01-31,1,0,2.1,73.5,0.7,2,1.9,1.8,1.8,33.3,26.9,17.2,23.6,9.2
2017-02-01,2,143.9,2.9,81,0.4,31.2,16.1,6,0.1,29.7,25.4,19.1,23.3,11.9
2017-02-02,2,0,4.4,84.3,1,15.2,10.1,6.8,3.4,26.7,23.5,18.6,21.9,9.6
2017-02-03,2,6,2.3,78.5,1,52.4,45.8,41.4,37,27.4,24.1,19.2,22.4,7.8
2017-02-04,2,58.4,4.8,94.3,0.8,96.5,82.4,72.9,60.9,27.2,24.8,21.1,23.6,0
2017-02-05,2,31,9.9,68,0.1,48.8,34.1,24.2,19.6,33.6,28.5,20.9,26,0
2017-02-06,2,0,7.3,81.5,0.9,15,13.4,12.4,11.3,33.1,28.8,22.3,26.6,0
2017-02-07,2,2.2,9.6,68,1,16.9,15.1,13.9,10.3,33.9,29,21.5,26.5,0
2017-02-08,2,1,9.7,71.5,0,6.7,6,5.6,3,32.1,28.1,22.2,26.1,0
2017-02-09,2,0,10.2,66.3,0.2,0.4,0.2,0.1,0.1,31.2,27,20.6,24.9,0
2017-02-10,2,0,7.4,74.3,0.1,0.9,0.8,0.8,0.7,32.4,28.1,21.7,26,0
2017-02-11,2,0,9.6,72,0.4,0.8,0.8,0.8,0.4,33.6,29.6,23.6,27.6,0
2017-02-12,2,0,9.8,61.3,0.3,0.1,0.1,0.1,0.1,34.8,30.6,24.2,28.5,16.5
2017-02-13,2,0,4.9,51.5,0.1,0.2,0.1,0.1,0.1,32,28.1,22.2,26.1,20.7
2017-02-14,2,0,10.5,62.3,0.5,0.4,0.4,0.4,0.3,33.3,28.9,22.3,26.7,23.8
2017-02-16,2,0,7.6,72,0.4,0.2,0.2,0.2,0.2,31.4,18.4,15,11.9,24.4
2017-02-17,2,0,10.5,72,0.2,0.4,0.4,0.4,0.4,34,27.7,18.3,24.6,24.6
2017-02-18,2,0,10.3,76,0.1,0.6,0.6,0.6,0.5,34.6,28.9,20.2,26,24.4
2017-02-19,2,0,10.9,67,0.1,0.4,0.4,0.4,0.3,36.3,30.1,20.8,27,24.1
2017-02-20,2,0,10.4,71,0.2,0.1,0.1,0.1,0.1,36.4,31,22.8,28.2,24.3
2017-02-21,2,0,1,70,0.3,0.5,0.5,0.5,0.5,34.7,29,20.6,26.2,24.7
2017-02-22,2,0,9.9,66,0.7,0.5,0.5,0.5,0.4,35.6,30.5,22.9,28,24.1
2017-03-05,3,0,3,86,1,0.3,0.3,0.3,0.3,29.4,26.4,21.9,24.9,16.4
2017-03-06,3,86.2,3.4,90,0.4,119.6,100.2,87.3,50.5,29.9,26.7,21.8,25.1,24.3
2017-03-07,3,0,7.2,75,0.6,13.7,9.7,7.1,4.5,32.2,27.7,20.8,25.4,0
2017-03-08,3,0,8.2,75,0.6,12.8,11.7,11,10,31.4,27.6,21.9,25.7,0
2017-03-09,3,0,10.5,75,0.1,9,8.4,8,7.6,31.1,26.7,19.9,24.4,0
2017-03-10,3,0,7.9,66,0.2,12.7,12.5,12.3,7.3,35.1,30.8,24.3,28.6,0
2017-03-11,3,0,7.7,77,0.3,2.3,2.1,2,1.9,33.4,28.6,21.4,26.2,0
2017-03-12,3,0,9.1,73,0.1,10.5,10.4,10.4,10.3,33.1,28.2,21,25.8,0
2017-03-13,3,0,1.1,75,0.3,10.9,10.8,10.8,10.8,29.5,26.8,22.8,25.4,0
2017-03-14,3,0,5.2,85,1,10.7,10.7,10.6,10.6,31.8,27.3,20.5,25,0
2017-03-15,3,22.6,8.2,82,0.7,32.8,28.6,25.7,16.8,31.7,26.6,19.1,24.1,0
2017-03-16,3,0,8.5,75,0.1,7.9,7.1,6.5,5.9,32.7,28.4,21.9,26.2,0
2017-03-17,3,0,4.6,84,0.7,5.3,4.9,4.7,4.4,31.3,27.3,21.3,25.3,0
2017-03-18,3,38,0,87,0.8,61.9,54.9,50.2,36.5,22.8,21.2,18.6,20.3,0
2017-03-19,3,0.8,0.5,78,0.3,22.8,18.9,16.4,14.3,22.7,20.4,17.1,19.3,0
2017-03-20,3,0,9.9,74,0.7,12.3,11.3,10.6,7.8,25.6,22,16.5,20.2,0
2017-03-21,3,0,9.2,73,0.1,5,4.7,4.5,4.3,30.5,25.3,17.4,22.6,0
2017-03-22,3,0,8.7,73,0.2,6.5,6.3,6.3,3.7,31.3,26.2,18.6,23.7,0
2017-03-23,3,0,8,74,0.6,1.1,1.1,1,1,28,23.2,15.9,20.7,0
2017-03-24,3,0,0,0,0.6,3.1,3.1,3,2.9,28.5,23.8,16.7,21.4,0
2017-03-27,3,0,0.6,75,0.3,2.8,2.8,2.8,2.5,25,23.3,20.7,22.4,10.2
2017-03-28,3,0,9.2,76,0,2.3,2.3,2.3,2.2,30.3,26.5,20.8,24.6,14.2
2017-03-29,3,0,10,71,0.1,3.5,3.5,3.5,2.8,28.4,25,19.7,23.2,16.7
2017-03-30,3,0,8.7,70,0.1,2.2,2.2,2.1,2.1,28.4,23.9,17.3,21.7,15.3
2017-03-31,3,0,9.8,67,0.5,2.8,2.8,2.8,2.8,27.3,23.2,17.1,21.2,17.9
2017-04-01,4,0,8.7,74,0.4,4,4,4,4,27.9,24.2,18.6,22.3,24
2017-04-02,4,0,9.4,75,0.1,4.9,4.9,4.8,4.3,25.4,21.4,15.3,19.3,12.3
2017-04-03,4,0,9.7,74,0.2,3.7,3.7,3.7,3.4,28.2,23.1,15.4,20.5,11.7
2017-04-20,4,0,6.5,80,1,3.1,3.1,3.1,3.1,31.4,28.4,24.1,27,11.4
2017-04-21,4,1.8,0.4,96,0.9,6.7,5.6,4.9,4.2,24.6,22.7,19.7,21.7,11.4
2017-04-22,4,62.6,3.3,85,0.3,87.6,65.6,50.9,40.7,21.3,18.4,13.9,16.9,6.3
2017-04-23,4,0,5.7,79,0.1,30.4,27.2,25.1,18.7,22.3,19.8,16,18.5,0
2017-04-24,4,0,8.8,79,0.4,12.3,10.9,9.9,6.4,30.2,25.3,17.9,22.9,0
2017-04-25,4,0,9,84,0.8,2.8,2.5,2.3,2,31.5,26.7,19.4,24.3,0
2017-04-26,4,2.2,0,96,0.8,15,13.8,13,12.2,24.1,21.7,18.1,20.5,0
2017-04-27,4,26.2,7.3,85,0.7,35.8,27.6,22.2,17.2,28.3,24.4,18.6,22.5,0
2017-04-28,4,0,4.2,80,0.6,12.1,11,10.3,6.4,19.3,16.6,12.7,15.3,0
2017-04-29,4,0,5.7,77,0.1,2.6,2,1.6,1.2,22.8,19.3,14.1,17.5,0
2017-04-30,4,0,8.3,75,0.6,3.1,2.9,2.7,1.8,25.8,21.7,15.6,19.7,0
2017-05-01,5,0,7.1,82,0.1,0.9,0.8,0.7,0.6,24.8,20.8,14.7,18.8,5.1
2017-05-02,5,0,6.9,83,0.4,1.4,1.4,1.3,1.3,27.6,22.9,15.7,20.5,7.2
2017-05-03,5,0,9,83,0.6,3.6,3.6,3.6,2.9,27.1,21.7,13.6,19,8.5
2017-05-04,5,0,6.6,90,0.8,2.2,2.2,2.2,2.2,26.6,22.1,15.2,19.8,7.4
2017-05-05,5,33,0.7,98,0.9,31.3,26.2,22.7,19.3,24,21.7,18.3,20.5,8.2
2017-05-06,5,13.2,5.4,87,0.3,29.5,22.2,17.3,12.9,24.2,20.3,14.3,18.3,5.1
2017-05-07,5,0,4.4,81,0.4,8.4,7.5,6.9,6.2,22.1,19.3,15.1,17.9,0
2017-05-08,5,0,9,84,0.4,7.8,7.3,7,4,28.9,23.3,15,20.5,0
2017-05-09,5,0,6.6,91,0.5,1,0.9,0.8,0.8,24.3,19.4,11.9,16.9,0
2017-05-10,5,0,4.4,82,0.2,1.1,1,0.9,0.9,24.9,21.1,15.5,19.2,6.1
2017-05-11,5,0,7,79,0.2,1.4,1.3,1.3,1.1,23.3,20.6,16.6,19.3,6.2
2017-05-12,5,0,8.9,81,0,0.8,0.8,0.8,0.7,25.7,21.4,15.1,19.3,9.1
2017-05-13,5,0,8.8,78,0.8,0.7,0.7,0.6,0.6,30.3,24.5,15.8,21.6,7.6
2017-05-14,5,1.1,5.8,91,0.1,2.4,2.1,1.9,1.3,26.7,23,17.3,21.1,12.9
2017-05-15,5,0,8.8,85,0.2,0.7,0.6,0.5,0.5,26.1,21.6,14.9,19.4,9.1
2017-05-16,5,0,6.7,72,0.6,0.4,0.3,0.3,0.3,23.4,19.7,14.1,17.9,9.1
2017-05-17,5,0,4.5,78,0.5,0.2,0.2,0.2,0.1,24.4,21.1,16.1,19.4,9.2
2017-05-18,5,0,0,85,0.8,0.5,0.5,0.5,0.4,20.5,19.7,18.5,19.3,9.4
2017-05-19,5,37.6,0,97,0.9,64.7,32.9,11.6,0.1,17.8,17.1,16,16.7,9.4
2017-05-20,5,36.6,5.1,88,0.8,31.4,0.1,0.1,0.1,23.6,19.9,14.2,18,10.2
2017-05-21,5,0.6,0,96,0.7,24.3,22.3,21,19.6,21.7,20.9,19.7,20.5,21.8
2017-05-22,5,45.6,6.3,86,0.4,72.9,26.9,0.1,0.1,24,21,16.5,19.5,18.5
2017-05-23,5,0,8.7,83,0.4,26.9,24.2,22.4,17.8,25.8,21.4,14.8,19.2,23.1
2017-05-24,5,0,6.2,87,0,13.2,12.6,12.1,8.1,27.8,22.8,15.3,20.3,19.9
2017-05-25,5,0,8.7,87,0.1,4.2,3.9,3.7,3.5,28.1,23.3,16.2,20.9,18.5
2017-05-26,5,0,8.8,88,0.2,3.8,3.6,3.5,3.4,31,26.1,18.9,23.7,18.4
2017-05-27,5,0,2.3,90,0.3,4.6,4.5,4.5,4.4,26.5,23.3,18.5,21.7,6.7
2017-05-28,5,0,2.6,86,0.4,5.2,5.1,5.1,3.5,23.8,20.8,16.4,19.3,7.9
2017-05-29,5,0,6.8,88,0.4,1.9,1.9,1.8,1.8,27.5,23.1,16.4,20.9,0
2017-05-30,5,0,2.5,83,0.1,3.2,3.1,3.1,3.1,22.4,19.4,14.9,17.9,8.8
2017-05-31,5,0,8.5,88,0.7,3.8,3.8,3.8,3.8,26.3,22,15.6,19.9,6.6
2017-06-01,6,5,1.4,89,0.7,7.1,5.7,4.8,4,22.2,20.5,18.1,19.7,6.6
2017-06-02,6,1.3,8.6,83,0.5,3.1,1.4,0.3,0.1,22.2,17.4,10.1,15,6.5
2017-06-03,6,0,8.6,81,0.3,1.9,1.8,1.7,1.2,25.1,20.2,12.7,17.7,7.3
2017-06-04,6,0,8.4,84,0.9,0.7,0.6,0.6,0.6,28.4,22,12.3,18.8,7.7
2017-06-05,6,1.1,0,95,1,2.7,2.5,2.4,2.3,20.8,19.3,17.2,18.6,7.9
2017-06-06,6,116.2,0.1,95,1,23.5,0.1,0.1,0.1,22.3,20.5,17.9,19.6,8.1
2017-06-07,6,36.8,6.6,89,0.2,57.7,29.1,10,0.1,27.8,23.9,18,21.9,24.5
2017-06-08,6,0,7.1,77,0.9,20.2,17.3,15.4,13.6,30.6,25.6,18.2,23.2,25.9
2017-06-09,6,0.8,0.7,86,0,20.2,19.3,18.7,11.3,23.1,20.7,17.1,19.5,23.5
2017-06-13,6,0,0,98,0.9,4,3.1,2.6,2,18.2,17.7,17.1,17.5,21.5
2017-06-14,6,28.2,6.1,91,0.5,18,0.1,0.1,0.1,22.5,18.6,12.8,16.7,22.5
2017-06-15,6,0,8.1,80,0,6.6,5.2,4.3,3.3,22.7,18.7,12.9,16.8,38.5
2017-06-16,6,0,7.1,86,0,8.5,8,7.6,6.6,26,21.2,13.9,18.8,22.2
2017-06-17,6,0,7,88,0.1,5.5,5.3,5.2,3.4,24.5,18.9,10.4,16,20.3
2017-06-18,6,0,1.7,83,0.3,1.7,1.6,1.6,1.5,23.6,18.8,11.7,16.5,22
2017-06-19,6,0,7.7,84,0.2,3.9,3.9,3.8,3.8,25.7,20.2,11.9,17.4,27.3
2017-06-20,6,0,0.5,79,0.1,4,4,4,2.4,19.6,18.2,16.2,17.5,24.8
2017-06-21,6,0,7.7,78,0.2,0.8,0.7,0.7,0.6,22.4,19.2,14.5,17.7,7.7
2017-06-22,6,0,8.1,77,0.2,2.4,2.4,2.4,2.4,24.5,20.6,14.8,18.6,11
2017-06-23,6,0,8.2,76,0.2,3.1,3.1,3.1,2.9,24.3,20.2,13.9,18.1,10.1
2017-06-24,6,0,8.1,79,0.5,2.6,2.6,2.6,2.6,27,22.8,16.7,20.8,9.6
2017-06-25,6,0,8.1,76,0.2,2.7,2.7,2.7,2.7,22.8,19.3,14,17.5,9.9
2017-06-26,6,0,8.2,74,0.7,3.1,3.1,3.1,3,27,21.6,13.3,18.8,10
2017-06-27,6,0,8.2,82,0.3,2.9,2.9,2.9,2.4,22.8,18.2,11.3,15.9,9.6
2017-06-28,6,0,8.2,82,0.5,1.9,1.9,1.9,1.9,28.1,22.7,14.6,20,9.5
2017-06-29,6,0,7.9,77,0.7,3.7,3.7,3.7,2.9,26.3,21.7,14.8,19.4,10.5
2017-06-30,6,0,3,88,0,2,2,2,1.7,24,19.6,12.9,17.4,8.9
2017-07-01,7,0,5.6,80,0.1,1.4,1.4,1.4,1.4,21.2,17,10.7,14.9,10.6
2017-07-02,7,0,0.6,76,0.6,1.5,1.5,1.5,1.5,17,15,12,14,11.3
2017-07-03,7,0,5.2,79,0.3,3.2,3.2,3.2,3.2,18.9,15.9,11.4,14.4,11.5
2017-07-04,7,0,8.2,72,0.4,3.8,3.8,3.8,3.7,20.8,16.3,9.4,14,9.7
2017-07-05,7,0,8.4,72,0.1,3.6,3.6,3.6,3.6,19.5,15.4,9.2,13.4,8.8
2017-07-06,7,0,6.8,66,0.5,3.8,3.8,3.8,3.8,21.3,16.5,9.2,14,8.9
2017-07-07,7,0,6.2,68,0.4,3.8,3.8,3.8,3.8,22.6,19,13.4,17.1,14.2
2017-07-08,7,0,5.5,76,0.1,4.1,4.1,4.1,2.3,22.9,19,13,17,13.5
2017-07-09,7,0,8.5,77,0.4,0.5,0.5,0.5,0.5,24.1,19.8,13.3,17.6,13.4
2017-07-10,7,0,7,84,0.3,2.1,2.1,2.1,2,27.2,21.9,14,19.3,19.4
2017-07-11,7,0,8.5,80,0.1,1.8,1.8,1.8,1.8,25,19.4,11,16.6,17.3
2017-07-12,7,0,8.5,83,0,2.9,2.9,2.9,2.9,24.7,18.9,10.3,16.1,10.7
2017-07-13,7,0,8.3,88,0.3,4,4,4,2.9,26.9,20.7,11.4,17.6,9.8
2017-07-14,7,0,8.6,84,0.3,1.9,1.9,1.9,1.7,25.5,19.6,10.8,16.7,9.1
2017-07-15,7,0,8.7,75,0.4,1.5,1.5,1.5,1.5,27.8,22.4,14.3,19.7,11.1
2017-07-16,7,0,7.8,67,0.5,3.5,3.5,3.5,3.1,27.9,22.3,13.8,19.5,11.3
2017-07-17,7,0,8.7,69,0,2.8,2.8,2.8,2.3,27.1,21.3,12.8,18.5,9.2
2017-07-18,7,0,0,76,0.2,1.8,1.8,1.8,1.8,19.6,15.6,9.6,13.6,9.9
2017-07-19,7,0,5.8,76,0.5,2.8,2.8,2.8,2.6,19.5,16.2,11.3,14.5,10.9
2017-07-20,7,0,8.4,84,0.6,2.4,2.4,2.4,1.5,25.1,19.5,11,16.7,17
2017-07-21,7,0,8.6,70,0.4,0.6,0.6,0.6,0.6,25.9,20.1,11.5,17.3,18
2017-07-22,7,0,8.8,85,0.3,0.9,0.9,0.9,0.9,24.9,18.7,9.4,15.6,20.9
2017-07-23,7,0,8.7,71,0.4,1.3,1.3,1.3,1.2,27.6,21.2,11.5,18,12.5
2017-07-24,7,0,8.7,78,0.4,1.1,1.1,1.1,0.9,26.3,20.6,12,17.7,12.2
2017-07-25,7,0,8.7,64,0.2,0.7,0.7,0.7,0.7,26.5,20,10.2,16.7,12.6
2017-07-26,7,0,8.7,73,0.2,3.2,3.2,3.2,1.9,28.4,22.7,14.2,19.9,13.3
2017-07-27,7,0,8.5,72,0.3,0.7,0.7,0.7,0.7,26.9,21.6,13.7,19,18.7
2017-07-28,7,0,8.6,72,0.5,2.8,2.8,2.8,2.1,26.1,20.6,12.4,17.9,22.5
2017-07-29,7,0,8.2,73,0,1.5,1.5,1.5,1.5,26.4,20.3,11.1,17.2,18.7
2017-07-30,7,0,8.6,75,0.3,1.5,1.5,1.5,1.5,26,20.7,12.9,18.1,20.7
2017-07-31,7,0,3.8,74,0,3.5,3.5,3.5,3.5,23.5,19.2,12.8,17,20.4
2017-08-01,8,0,3.8,78,0.6,3.4,3.4,3.4,2.7,23.8,18.9,11.5,16.5,16.3
2017-08-02,8,0,5.7,67,0.3,1.9,1.9,1.9,1.7,26.4,21.5,14.1,19.1,16.5
2017-08-03,8,0,4.6,67,0.8,1.5,1.5,1.5,1.5,25.7,22.1,16.6,20.2,13.2
2017-08-04,8,1.3,5.3,74,0.7,6.1,5.5,5,3.5,18.9,16.4,12.6,15.2,19.3
2017-08-05,8,0,7.5,70,0.4,2,1.8,1.7,1.2,23.9,20.3,15,18.5,12.7
2017-08-06,8,0,9.1,71,0.3,0.8,0.8,0.7,0.5,23.5,19.5,13.4,17.4,12.8
2017-08-07,8,0,9,71,0.7,0.3,0.3,0.2,0.2,29.5,22.5,12,19,13.6
2017-08-08,8,0,6.8,70,0,0.3,0.3,0.3,0.3,29.9,23.3,13.3,19.9,22.4
2017-08-09,8,0,8.6,64,0.4,0.3,0.3,0.3,0.3,33.6,26.2,15.3,22.6,22.7
2017-08-10,8,0,9.1,78,0.4,0.4,0.4,0.4,0.4,25.5,22.4,17.8,20.9,23
2017-08-11,8,0,8.8,72,0.6,0.3,0.3,0.3,0.3,28.2,23,15.2,20.4,23.9
2017-08-12,8,0,7.5,66,0.4,0.3,0.3,0.3,0.3,31.9,24.9,14.6,21.5,24.3
2017-08-13,8,0,7.1,61,0.2,0.4,0.4,0.4,0.3,31,24.5,14.8,21.2,24.5
2017-08-14,8,0,3.5,81,0.8,0.2,0.2,0.2,0.2,28.6,24.4,18.3,22.4,16.4
2017-08-15,8,0.3,0.1,91,0.9,0.3,0.3,0.3,0.3,18.3,16.8,14.6,16.1,16.5
2017-08-16,8,6.3,0.5,92,0.9,9.7,6.6,4.6,2.5,20.1,17.4,13.3,16.1,16.5
2017-08-17,8,2.8,0,91,0.8,8.4,7.2,6.3,5.5,17.3,15.8,13.4,15,9.3
2017-08-18,8,4.1,0,94,0.8,9.6,7.1,5.4,3.8,20.1,18.2,15.5,17.3,8.4
2017-08-19,8,2.4,0,90,0.8,6.9,5.3,4.3,3.5,17.9,16.9,15.3,16.4,7.7
2017-08-20,8,2.3,0.4,92,0.9,2.8,0.4,0.1,0.1,21.9,19.9,16.8,18.9,7.1
2017-08-21,8,35.8,2.9,80,0.6,26.6,14.4,6.3,0.1,15.9,14.3,12,13.6,7.6
2017-08-22,8,0,9.3,73,0.4,10.9,7.4,5,2.7,21.2,17.4,11.9,15.6,7.6
2017-08-23,8,0,9,80,0.4,7.5,7,6.6,6.2,30.3,24.2,14.9,21.1,7.6
2017-08-24,8,0,9.8,81,0.3,7.8,7.6,7.5,5.1,27,21.8,13.9,19.2,7.5
2017-08-25,8,0,9.4,79,0.2,2.6,2.6,2.5,1.6,30.1,23.7,14.1,20.5,7.2
2017-08-26,8,0,9.6,75,0,0.7,0.7,0.6,0.6,30.2,23.8,14.2,20.6,10.2
2017-08-27,8,0,9.6,61,0.4,3.3,3.3,3.3,3.3,32.5,26.1,16.6,23,11.4
2017-08-28,8,0,9.6,70,0.6,3.7,3.7,3.6,3.6,30.4,24.1,14.7,21,13.9
2017-08-29,8,0,9.7,70,0.5,3.6,3.6,3.6,3.1,33.3,25.7,14.4,21.9,13.2
2017-08-30,8,0,9.6,67,0.5,2.7,2.7,2.7,2.7,31.8,24.4,13.2,20.6,14.4
2017-08-31,8,0,8.4,74,0.7,4.1,4.1,4,2.7,29.6,24.1,15.9,21.4,16.6
2017-09-01,9,0,9.4,0,0.1,1.3,1.3,1.3,1.3,26.4,22.6,16.9,20.7,14.5
2017-09-02,9,0,9.8,83,0.1,3.9,3.9,3.9,2.8,28.4,23.1,15.3,20.5,27.1
2017-09-03,9,0,9.9,75,0.5,1.7,1.7,1.7,1.6,28.1,21.2,10.8,17.7,14.5
2017-09-04,9,0,9.9,66,0.4,1.4,1.4,1.4,1.4,27.3,20.9,11.2,17.6,18.4
2017-09-05,9,0,9.9,59,0.2,4,4,4,4,30.3,23,12.2,19.4,19.4
2017-09-06,9,0,9.2,73,0.1,4.2,4.2,4.2,2.5,28.8,22.8,13.7,19.8,19
2017-09-07,9,0,9.7,61,0.7,0.8,0.8,0.8,0.8,32.5,26.4,17.2,23.3,22.1
2017-09-08,9,0,9.6,47,0.1,3.4,3.4,3.4,3.4,30.2,24,14.7,20.9,20.2
2017-09-09,9,0,9.5,52,0.1,3.7,3.7,3.7,3.6,34.4,28.5,19.7,25.6,15.8
2017-09-10,9,0,9.8,53,0.4,3.6,3.6,3.6,3.6,30.5,24.4,15.2,21.3,21.6
2017-09-11,9,0,9.4,43,0.3,3.8,3.8,3.8,2.2,33.9,27.2,17.1,23.8,20.8
2017-09-12,9,0,9.6,53,0.1,0.6,0.6,0.6,0.6,33.9,27.6,18.2,24.5,22
2017-09-13,9,0,9.8,64,0.1,2.9,2.9,2.9,2.4,33.9,27.3,17.5,24,30
2017-09-14,9,0,9.8,51,0.5,1.8,1.8,1.8,1.8,34.8,28,17.8,24.6,23.8
2017-09-15,9,0,9.7,53,0,2.7,2.7,2.7,2.7,34.7,27.7,17.1,24.2,26.8
2017-09-16,9,0,9.6,60,0.1,3,3,3,2.1,31.8,24.8,14.4,21.3,25
2017-09-17,9,0,9.5,68,0.7,1.3,1.3,1.3,1.2,34,27.7,18.4,24.6,25.4
2017-09-18,9,0,8.2,73,0.6,1.1,1.1,1.1,1.1,32.2,26.1,16.9,23.1,29.8
2017-09-19,9,0,9.6,66,0.4,2.4,2.4,2.4,2.4,32.3,26,16.6,22.9,20.4
2017-09-20,9,0,9.7,67,0.7,2.4,2.4,2.4,1.9,30.3,24.3,15.3,21.3,18.1
2017-09-21,9,0,9.5,59,0.4,1.5,1.5,1.5,1.5,31.4,24.6,14.5,21.2,18.3
2017-09-22,9,0,9.7,0,0.3,4.2,4.2,4.2,3,32.7,26.7,17.8,23.7,20
2017-09-23,9,0,8.5,60,0.6,1.9,1.9,1.9,1.9,32.3,26.4,17.4,23.4,23
2017-09-24,9,0,9.6,55,0.2,4,4,4,3.7,25.7,22.1,16.7,20.3,27.7
2017-09-25,9,0,9.4,68,0,3.5,3.5,3.5,2.1,30.4,25.4,17.9,22.9,21.4
2017-09-26,9,0,8.2,73,0.4,0.6,0.6,0.6,0.6,30.5,24.8,16.1,21.9,23.4
2017-09-27,9,0,9.4,57,0.1,3.1,3.1,3.1,2.5,31.2,24.3,13.9,20.8,30.3
2017-09-28,9,0,9.7,69,0.1,1.8,1.8,1.8,1.8,30.7,26,18.9,23.6,24
2017-09-29,9,0,0.8,84,1,3.4,3.4,3.4,3.4,27.1,24,19.2,22.4,13.3
2017-09-30,9,15.4,0.3,93,0.9,5.1,1.3,0.1,0.1,24.2,22.1,18.9,21,12.8
2017-10-01,10,2.6,6.3,82,0.6,13.8,11.1,9.3,4.9,28.6,24.4,18.1,22.3,14.8
2017-10-02,10,0,1.4,84,0.7,0.6,0.3,0.1,0.1,19.9,18.2,15.6,17.3,8.1
2017-10-03,10,9.4,3.8,71,0.1,8.9,4.6,1.8,0.1,26.5,22.3,16,20.2,8.2
2017-10-04,10,0,5.2,62,0,2.8,2.4,2.1,1.3,25.7,20.9,13.6,18.4,8.7
2017-10-05,10,0,10,67,0.2,0.5,0.4,0.3,0.2,34.6,27.1,15.8,23.4,8.8
2017-10-06,10,0,9.5,56,1,2.1,2,2,2,33.5,27.4,18.2,24.3,9.3
2017-10-07,10,18.4,0,87,0.8,8.9,6.8,5.3,4.2,27.7,24,18.5,22.2,14.3
2017-10-08,10,1.8,5.5,83,0.9,3.1,1.6,0.6,0.1,26.4,22.7,17,20.8,14.8
2017-10-09,10,5.4,8.5,72,0.6,13.6,12.1,11.2,6.7,30.7,25.2,17,22.4,14.8
2017-10-10,10,0,8.3,62,0.2,2.3,2,1.9,1.7,36.9,30.8,21.6,27.7,12.5
2017-10-11,10,0,9.6,66,0.6,2.2,2.1,2,1.7,36.7,30,19.8,26.6,12.4
2017-10-12,10,0,10.7,72,0.1,1.4,1.4,1.4,0.8,35.5,29.1,19.4,25.9,12
2017-10-13,10,0,10.7,55,0.3,0.3,0.2,0.2,0.2,37.8,31.2,21.3,27.9,18.6
2017-10-14,10,0,8.7,70,0.7,1.1,1.1,1.1,1,35.7,30.1,21.6,27.2,21.6
2017-10-15,10,0,10.4,72,0.3,0.9,0.9,0.9,0.9,23.9,21,16.7,19.5,19.8
2017-10-16,10,0,9.1,74,0.4,0.8,0.8,0.8,0.6,25.5,21.4,15.3,19.3,22.1
2017-10-17,10,0,10.5,73,0.7,0.4,0.4,0.4,0.4,33.2,27.8,19.9,25.2,22.6
2017-10-18,10,0,10.3,57,0.1,0.8,0.8,0.8,0.5,33.8,27.5,18,24.3,23.7
2017-10-19,10,0,10.7,77,0.7,0.3,0.3,0.3,0.3,33.5,27.2,17.6,24,23.3
2017-10-20,10,0,6.1,75,1,0.3,0.3,0.3,0.3,30.5,27.1,22.1,25.5,15.9
2017-10-21,10,1,0,84,0.8,2.7,2.4,2.2,1.2,23.7,21.6,18.5,20.6,16.1
2017-10-22,10,0.6,0,94,0.8,0.2,0,0.1,0.1,20.9,19.8,18.3,19.3,16
2017-10-23,10,4.6,0.1,73,0.5,5.9,2.5,0.3,0.1,22.7,20.6,17.3,19.5,9.5
2017-10-24,10,0,10.8,76,0.7,2.6,2.2,2,1.3,26.5,22.5,16.3,20.4,9.8
2017-10-25,10,0,6.7,69,0.8,0.7,0.6,0.6,0.5,33.7,27.5,18.1,24.4,9.7
2017-10-26,10,19.4,2.9,86,0.8,34.9,32.7,31.3,26.2,24.2,21.2,16.8,19.7,9.6
2017-10-27,10,6.2,0.5,91,0.8,21.1,18.2,16.3,13.3,26.6,23.5,19,22,5.1
2017-10-28,10,4,6,76,0.5,10.3,8.5,7.3,5.7,28.9,24.3,17.4,22,0
2017-10-29,10,0,0.5,85,1,4.2,3.9,3.8,3.6,26.7,24.3,20.7,23.1,0
2017-10-30,10,31.6,0,94,0.9,49.9,40.6,34.5,32.6,23.7,21.9,19.3,21.1,0
2017-10-31,10,6.7,3,76,0.2,30.8,24.1,19.7,12.5,23.2,20.2,15.7,18.7,0
2017-11-01,11,0,8.8,69,0.7,5.3,4.4,3.8,3.3,24.3,20.5,14.8,18.6,0
2017-11-02,11,0,10.7,71,0.5,2.8,2.5,2.4,1.7,29.5,24.1,16.1,21.5,0
2017-11-03,11,0,9.2,82,0.8,1,0.9,0.8,0.8,32.7,26,16,22.7,0
2017-11-04,11,5.2,5.6,92,0.8,10.1,9.4,8.9,8.4,30.3,26.1,19.8,24,0
2017-11-05,11,18.2,0,78,1,11.7,8.4,6.2,4,23.3,21.6,19.1,20.8,0
2017-11-06,11,0.1,3.2,75,0,9.3,7.4,6.2,4.4,24.8,21.6,16.8,20,0
2017-11-07,11,0,6,71,0.6,2.7,2.3,2.1,2,26.8,23.7,19.2,22.2,6
2017-11-08,11,0,3.9,76,0.8,1.9,1.7,1.6,1.5,29,24.9,18.9,22.9,6.2
2017-11-09,11,4.6,4.2,79,0.4,11.9,10.8,10.1,5.6,31,26.6,20,24.4,9.5
2017-11-10,11,0,7.8,80,0.8,1.2,0.9,0.8,0.6,32,27.3,20.2,24.9,5.3
2017-11-11,11,10.9,3.6,78,0.5,20.3,18.5,17.4,10.7,27.6,24.2,19.2,22.5,6.6
2017-11-12,11,0,11.2,55,0.3,4.1,3.5,3.2,2.1,30.7,23,11.6,19.2,5.3
2017-11-13,11,0,11.1,73,0.1,1.1,1,0.9,0.9,32.4,26.2,16.9,23.1,9.7
2017-11-14,11,0,11.2,48,0.3,1.5,1.5,1.5,1.4,31.4,23.5,11.8,19.6,10
2017-11-15,11,0,11,63,0.4,1.5,1.5,1.5,1.2,35.5,28.5,18,25,16
2017-11-16,11,0,8.9,73,1,1,1,1,1,34.3,28.6,20,25.7,11.6
2017-11-17,11,24,2.4,80,1,35.5,32.6,30.7,19.5,30.6,25.8,18.5,23.4,11.5
2017-11-18,11,3.8,7,85,0.7,8.3,6.6,5.5,4.4,30.5,25.8,18.8,23.5,8.7
2017-11-19,11,12.2,4.2,77,0.9,6.8,4.5,3,2.5,27.6,23.4,17.1,21.3,0
2017-11-20,11,0.1,1.6,77,0.8,2,1.5,1.1,0.7,27.9,25,20.6,23.5,0
2017-11-21,11,2.6,4.3,87,1,3.4,2.1,1.3,0.4,32.7,28.1,21.2,25.8,0
2017-11-22,11,19.6,2.1,84,0.7,11.6,8.5,6.4,5.2,26.2,23.1,18.4,21.5,0
2017-11-23,11,0,10.1,72,0.5,3.9,2.9,2.2,2,29.7,25.5,19,23.3,0
2017-11-24,11,0,11.4,51,0.6,1.8,1.5,1.3,1.2,32.4,24.9,13.6,21.1,7.3
2017-11-25,11,0,9.3,62,0.7,2.5,2.4,2.4,2.4,35.4,29.3,20.3,26.3,13.4
2017-11-26,11,6,3,77,0.8,10.2,9.3,8.7,8.1,27.7,24.5,19.7,22.9,13.4
2017-11-27,11,36.8,2.3,89,0.9,32.4,24.1,18.5,13,29.5,26.5,22,25,11.3
2017-11-28,11,18.6,7.8,71,0.2,27.9,20.8,16.1,14.1,29.8,25.8,20,23.9,0
2017-11-29,11,0,11.4,69,0.1,12.2,11,10.2,8.4,29.6,24.4,16.7,21.8,0
2017-11-30,11,0,6,70,0.1,6.6,6.2,6,5.3,30.2,24.9,16.9,22.3,0
2017-12-01,12,0,5.5,75,0.3,4.5,4.3,4.2,3.3,28,24.2,18.6,22.3,0
2017-12-02,12,0,7,74,0.7,2.4,2.2,2.2,2.1,28.8,24.8,18.8,22.8,0
2017-12-03,12,0,8.7,72,0,2.8,2.7,2.7,2.7,31.4,26.8,20,24.5,0
2017-12-04,12,0,11.5,69,0.5,4.2,4.2,4.1,2.9,34.7,28.4,19,25.2,10.3
2017-12-05,12,0,10.1,66,0,1.6,1.6,1.6,1.5,31.5,26.8,19.7,24.4,11.7
2017-12-06,12,0,5.2,78,0.4,3.2,3.2,3.2,3.2,31.4,26.7,19.7,24.4,17.6
2017-12-07,12,0,0.3,86,1,3.7,3.7,3.7,3.7,27.4,24.7,20.7,23.4,12.4
2017-12-08,12,14.8,8.1,76,0.2,11.4,7.2,4.3,1.5,32.5,28.1,21.4,25.9,14.6
2017-12-09,12,0,10.3,73,0.3,8.3,7.7,7.4,4.2,33.4,28.1,20.1,25.4,12.3
2017-12-10,12,0,9,76,0.8,1.1,0.9,0.8,0.7,31.5,25.9,17.4,23.1,11.7
2017-12-11,12,0.8,10.2,73,0.6,1.3,1.2,1.1,1.1,32.9,26.7,17.6,23.7,7.3
2017-12-12,12,0,9.9,71,0.4,1.5,1.5,1.5,1.4,24.8,21.6,16.8,20,10.4
2017-12-13,12,0,10,74,0.3,1.6,1.5,1.5,1.4,31.3,26.5,19.3,24.1,10.4
2017-12-14,12,0,10.8,73,0.6,3.1,3.1,3.1,3,33.8,27.2,17.4,24,18.2
2017-12-15,12,0,8.3,74,0.4,2.9,2.9,2.8,2.8,34.2,28.1,19.1,25.1,16.7
2017-12-16,12,0,8.3,64,0,2.7,2.7,2.7,1.5,34.4,27.5,17.1,24.1,17.7
2017-12-17,12,0,10.6,67,0.6,0.4,0.4,0.4,0.4,35.4,29.6,20.9,26.7,18.1
2017-12-18,12,0,5.5,70,0.5,1.2,1.2,1.2,1.2,32.8,27.8,20.1,25.2,21.8
2017-12-19,12,0,8.6,86,0.9,2.7,2.7,2.7,2.7,34.3,28.4,19.5,25.4,14
2017-12-20,12,104.2,3.7,84,0.7,165.8,153.8,145.8,79.9,32.5,27,18.7,24.3,13.6
2017-12-21,12,2.8,0,95,0.9,14.1,9.6,6.5,3.5,20.8,19.9,18.6,19.5,0
2017-12-22,12,10.6,0.7,95,0.3,20.4,3,0.1,0.1,21.3,20.2,18.6,19.7,0
2017-12-25,12,0,0.6,94,1,13.4,10.3,8.2,6.1,30.3,26.6,20.9,24.7,0
2017-12-26,12,23.6,4.7,77,0,34.7,29.7,26.4,15.2,31.3,26.9,20.1,24.6,0
2018-01-03,1,0,4.1,84,0.9,4.1,3.2,2.5,1.9,30,26.8,22.1,25.3,0
2018-01-04,1,3.6,10.8,64,0,15.1,13.3,12,6.5,33.6,28.1,19.9,25.4,0
2018-01-05,1,0,10.3,72,0.3,1,0.7,0.6,0.4,32.9,27.2,18.6,24.3,6.4
2018-01-06,1,0,4,77,0.8,1.7,1.6,1.6,1.1,31.6,27.7,21.8,25.7,7
2018-01-07,1,1.8,0.1,76,0.8,0.6,0.1,0.1,0.1,27,24.1,19.6,22.6,0
2018-01-08,1,1.1,0,94,0.8,1.8,1.3,1,0.7,26.7,24.3,20.6,23.1,5.1
2018-01-09,1,22.8,0,82,0.2,10.2,3.8,0.1,0.1,25.6,23,19.1,21.7,8
2018-01-10,1,0,7.3,73,0.3,8,6.6,5.8,4.9,31,25.9,18.3,23.3,9
2018-01-11,1,0,4,76,0,4,3.7,3.5,3.4,31.2,26.6,19.6,24.3,9.4
2018-01-12,1,0,0.9,89,0.7,5.1,4.9,4.9,4.8,28.2,25.3,21,23.8,9
2018-01-13,1,16.2,1.3,85,0.6,14,9.6,6.8,5.8,27.6,24.3,19.3,22.6,8.4
2018-01-14,1,0,4.3,84,0.9,4.9,4.1,3.5,3,29.3,24.9,18.1,22.6,7.3
2018-01-15,1,2.8,2.5,79,0.5,7,6.1,5.5,3.4,30.2,26,19.6,23.9,6.9
2018-01-16,1,0,1.6,89,0.8,1.2,1,0.9,0.6,30.8,27,21.3,25.1,5.6
2018-01-17,1,0.6,7.7,84,0.9,0.4,0.2,0.1,0,31.9,27,19.5,24.5,6.3
2018-01-18,1,0.2,2.3,79,0.7,1.5,1.4,1.4,1.4,33.5,29.6,23.8,27.7,6.9
2018-01-19,1,2.6,0.4,85,0.9,3,2.3,1.9,1.5,29.2,25.2,19.3,23.2,7.5
2018-01-20,1,1.2,4.6,83,0.8,2.1,1.7,1.4,1.2,33.8,29,21.8,26.6,8.2
2018-01-21,1,16.3,2.4,86,0.8,18.5,16.1,14.5,13.7,34.2,29.3,21.9,26.8,8.5
2018-01-22,1,2,10.1,71,0.6,12.9,11.9,11.2,6.1,34.6,28.9,20.3,26,6.9
2018-01-23,1,0,6.5,82,0.9,1.1,0.9,0.7,0.6,35.5,29.9,21.5,27.1,5.7
2018-01-24,1,49,5.7,91,0.9,34.5,28.4,24.4,20.3,32.9,27.4,19.1,24.7,5.6
2018-01-25,1,15.8,4.9,76,0.5,29.8,25.9,23.3,14,32.1,27.9,21.6,25.8,0
2018-01-26,1,0,5.7,74,0.1,4.7,3.6,2.8,2,30.5,27.8,23.7,26.5,0
2018-01-27,1,0,6.5,73,0.6,7.6,6.9,6.5,4.6,29.2,25.7,20.4,24,0
2018-01-28,1,0,9.1,82,0.8,2.6,2.4,2.2,2.1,33.9,28.7,21.1,26.2,0
2018-01-29,1,8.9,4.4,92,0.8,18.8,17.2,16.1,10,31.7,27.5,21.2,25.4,0
2018-01-30,1,14,0.2,81,0.8,3.8,0.9,0.1,0.1,25,22.6,19,21.4,0
2018-01-31,1,11.6,9.2,73,0.9,6.5,1.6,0.1,0.1,30.5,25.4,17.7,22.8,0
2018-02-01,2,0.7,10.5,73,0.7,7.3,6.7,6.3,4.2,29.6,24.2,16.1,21.5,7.6
2018-02-02,2,0,4.3,78,0,2.1,1.9,1.8,1.3,32.7,27.9,20.6,25.4,7.2
2018-02-03,2,0,9.9,71,0.3,0.9,0.8,0.7,0.7,28.9,24.6,18.1,22.4,7.8
2018-02-04,2,0,8.1,68,0.6,2.9,2.8,2.8,1.7,27.2,22.7,16,20.4,11.5
2018-02-05,2,0,7.5,71,0.1,0.5,0.5,0.5,0.5,28.3,23.5,16.3,21.1,20.5
2018-02-06,2,0,4.2,77,0,0.9,0.9,0.9,0.9,29.2,25,18.6,22.9,23.2
2018-02-07,2,0,10.9,71,0.7,1.8,1.8,1.8,1.1,31.8,26.1,17.4,23.2,21.1
2018-02-08,2,0,10.7,67,0.4,0.4,0.4,0.4,0.4,31.9,25.5,16,22.3,20.8
2018-02-09,2,0,10.5,55,0,1.5,1.5,1.5,1.5,37,30.9,21.7,27.8,23.2
2018-02-10,2,0,8.6,77,0.6,2.1,2.1,2.1,2.1,30.6,27.4,22.6,25.8,21.2
2018-02-11,2,0,5.2,78,0.8,2.2,2.2,2.2,2.1,33.1,29,22.7,26.9,15.1
2018-02-12,2,1.4,5.7,74,0.5,1.9,1.5,1.2,0.8,33.9,28.9,21.4,26.4,19.5
2018-02-13,2,0,0.7,78,0.7,0.4,0.3,0.3,0.2,25.5,23.7,20.8,22.7,14.7
2018-02-14,2,0.4,1.2,84,1,1.2,1,0.9,0.8,25.4,22.9,19.1,21.6,15
2018-02-15,2,1.7,4.3,77,0.3,3.7,3.1,2.7,1.7,27.2,23.8,18.7,22.1,14.8
2018-02-16,2,0,8.9,72,0.1,0.7,0.6,0.5,0.5,31.9,27,19.7,24.5,8.7
2018-02-17,2,0,7.3,74,0.8,0.5,0.4,0.4,0.4,32.9,26.9,17.9,23.9,8.9
2018-02-18,2,3,0.1,89,0.4,1.3,0.9,0.7,0.4,24.8,22.2,18.3,20.9,9.2
2018-02-19,2,0,2.8,79,0.9,1,0.8,0.6,0.5,30,26.3,20.8,24.5,9.3
2018-02-20,2,0.3,3,80,0.8,0.7,0.6,0.6,0.5,29.2,25.4,19.8,23.5,9.2
2018-02-21,2,0.6,10.3,69,0.4,0.9,0.9,0.8,0.8,31.1,27.2,21.3,25.2,9.3
2018-02-22,2,0,8.6,73,0.8,1.2,1.2,1.1,1.1,33.1,28.2,21,25.8,9.5
2018-02-23,2,1,9.5,69,0.4,1.3,1,0.8,0.7,32.3,28,21.5,25.8,12.3
2018-02-24,2,0,10.6,71,0.4,1,1,0.9,0.7,31.3,26.2,18.6,23.6,9.3
2018-02-25,2,0,7.6,71,0.1,0.6,0.5,0.5,0.4,31.2,25.9,18,23.2,15.7
2018-02-26,2,0,3,85,0.9,0.3,0.2,0.2,0.2,30.1,25.4,18.4,23.1,15.8
